batch_id,task_type,attempt_id,trial_id,stage_id,stage_start_time,assignment_complete_time,first_command_dispatch_time,last_command_dispatch_time,all_commands_acknowledged_time,reference_start_time,all_references_finished_time,all_uavs_stable_time,stage_end_time,planning_time,dispatch_time,reference_execution_time,trajectory_finish_spread,stabilization_delay,stable_hold_time,stable_arrival_spread,stage_wall_time,slowest_uav_id,failure_reason,valid,invalid_reason
exp10-formal-v3-stable-20260803,task_d_dense,attempt_0001,1,1,19.572164623998106,19.608440639000037,19.60866796099799,19.60902953099867,19.69667089200084,19.691252133998205,29.69682480499978,31.514283436998085,31.514333380000608,0.03627601500193123,0.0005888919986318797,10.088156844001787,0.005813602001580875,1.8174586319983064,1.0154116854996573,0.8973536059966136,11.942168756002502,8,,True,
exp10-formal-v3-stable-20260803,task_a_simple,attempt_0002,1,1,18.8328116699995,18.897131214998808,18.897353827996994,18.89773177999814,18.992710160997376,18.978993286997138,28.99278285499895,30.548432309999043,30.548485669998627,0.06431954499930725,0.0006005649993312545,10.095429027001956,0.014153448999422835,1.5556494550000934,1.0201390669999455,0.6194762529994478,11.715673999999126,8,,True,
exp10-formal-v3-stable-20260803,task_c_grouped,attempt_0003,1,1,22.184340282001358,22.200909283001238,22.20112359199993,22.201480415002152,22.30042395000055,22.28328122200037,32.300005922999844,34.02790360400104,34.027964157001406,0.01656900099987979,0.0005711320009140763,10.098882330999913,0.01663458699840703,1.7278976810011955,1.0177121721249023,0.8203025260008872,11.843623875000048,8,,True,
exp10-formal-v3-stable-20260803,task_b_sequential,attempt_0004,1,1,21.319443412998226,21.353870959999767,21.354105234997405,21.3546772089976,21.453328104998945,21.4382456309977,31.45236122699862,33.66656287599835,33.666613890996814,0.034427547001541825,0.0008062489978328813,10.098255992001214,0.01453668199974345,2.214201648999733,1.0178251983743394,1.2841107150015887,12.347170477998588,1,,True,
exp10-formal-v3-stable-20260803,task_b_sequential,attempt_0004,1,2,33.6666265749991,33.73022510800001,33.73040297799889,33.730794145998516,33.82931440399989,33.812324737999006,41.82914737699684,43.987907574999554,43.98795839000013,0.06359853300091345,0.0005690379985026084,8.098744398997951,0.017035754997777985,2.1587601980027102,1.0200803325001289,0.7750855949998368,10.321331815001031,8,,True,
exp10-formal-v3-stable-20260803,task_e_mixed,attempt_0005,1,1,123.28865341700293,123.30476510900189,123.3049776350017,123.30531835000147,123.40547318100289,123.38744925700303,133.4056785290013,135.10533819400007,135.10537965200274,0.016111691998958122,0.0005532409995794296,10.100700893999601,0.018159900999307865,1.6996596649987623,1.0150260505001825,0.7775142279970169,11.816726234999805,7,,True,
exp10-formal-v3-stable-20260803,task_e_mixed,attempt_0005,1,2,135.1053904520013,135.12099428900183,135.1211352620012,135.12144196400186,135.2133604740011,135.20239600200148,145.2135388780007,147.42241230100262,147.42245323700263,0.015603837000526255,0.0004476750000321772,10.092403615999501,0.011276414999883855,2.2088734230019327,1.0175757893766786,0.05526080799972988,12.317062785001326,5,,True,
exp10-formal-v3-stable-20260803,task_e_mixed,attempt_0005,1,3,147.42246509000324,147.45842396500302,147.45862194400252,147.45898858800138,147.55306963500334,147.54226862500218,157.55330961500295,159.04506900600245,159.0451101530016,0.035958874999778345,0.0005646229983540252,10.094687671000429,0.01119519600251806,1.4917593909995048,1.0200984144998984,0.5528421960007108,11.622645062998345,7,,True,
exp10-formal-v3-stable-20260803,task_c_grouped,attempt_0006,2,1,21.849618663,21.867037383002753,21.86723872800212,21.867687575002492,21.96610793400032,21.94891791000191,31.96591213800275,33.68971714300278,33.689766445000714,0.017418720002751797,0.000650191999739036,10.098673410000629,0.017411608001566492,1.723805005000031,1.0201357761252439,0.7990795920013625,11.840147782000713,8,,True,
exp10-formal-v3-stable-20260803,task_a_simple,attempt_0007,2,1,18.928504945000896,18.995227712999622,18.9954690630002,18.995952524997847,19.09490200900109,19.08446158299921,29.09499630799837,30.610411657999066,30.610458956998627,0.06672276799872634,0.00072481199822505,10.099527244998171,0.010635370999807492,1.5154153500006942,1.0151644899997336,0.6018816420000803,11.681954011997732,8,,True,
exp10-formal-v3-stable-20260803,task_b_sequential,attempt_0008,2,1,23.725462614002026,23.760277174002113,23.76048278700182,23.760945239999273,23.85645490800016,23.844241987000714,33.85614025399991,36.085454149000725,36.085531042001094,0.0348145600000862,0.0006680659971607383,10.095657466998091,0.012191321999125648,2.2293138950008142,1.0201569734990699,1.2978459180012578,12.360068427999067,8,,True,
exp10-formal-v3-stable-20260803,task_b_sequential,attempt_0008,2,2,36.08554651099985,36.123236291001376,36.12345354599893,36.12388010200084,36.21619791299963,36.20407689200147,44.21633853200183,46.56411086400112,46.56417416200202,0.03768978000152856,0.0006438109994633123,8.0928849860029,0.012388491002639057,2.3477723319992947,1.015157460376031,1.4353885790005734,10.47862765100217,1,,True,
exp10-formal-v3-stable-20260803,task_e_mixed,attempt_0009,2,1,27.70543887399981,27.721538161000353,27.721762528999534,27.72232535999865,27.82174947800013,27.804741604999435,37.821308807000605,39.51286996300041,39.51291519699953,0.016099287000542972,0.0007871989982959349,10.099546278001071,0.016748880003433442,1.691561155999807,1.0176778357499643,0.7782766500022262,11.807476322999719,2,,True,
exp10-formal-v3-stable-20260803,task_e_mixed,attempt_0009,2,2,39.51292714999727,39.53050461699968,39.53066246199887,39.53103248199841,39.62462855699778,39.61250692599788,49.62495726799898,52.581240904997685,52.581289615998685,0.01757746700241114,0.0005278649987303652,10.094294806000107,0.012087658000382362,2.9562836369987053,1.0176067037505163,0.8077502140004071,13.068362466001417,1,,True,
exp10-formal-v3-stable-20260803,task_e_mixed,attempt_0009,2,3,52.581301618,52.61701413699848,52.61717812399729,52.61753942799987,52.71631906999755,52.70114385699708,62.7161315739977,64.22442826199767,64.22447804499825,0.035712518998479936,0.0005252910013950896,10.098953450000408,0.014809591997618554,1.508296687999973,1.0124476511241483,0.6031497740004852,11.643176426998252,4,,True,
exp10-formal-v3-stable-20260803,task_d_dense,attempt_0010,2,1,18.844919089999166,18.90877021799679,18.909031244998914,18.909399672997097,19.01046945899725,18.99831695299872,29.009859975998552,30.962699608997355,30.962747377998312,0.06385112799762283,0.0006294550003076438,10.100828730999638,0.0115824819986301,1.9528396329988027,1.015256924374171,1.0325152410005103,12.117828287999146,8,,True,
exp10-formal-v3-stable-20260803,task_e_mixed,attempt_0011,3,1,23.058520485999907,23.073491931998433,23.073692526999366,23.074052018997463,23.17389588899823,23.15736639199895,33.173959830997774,34.893196138997155,34.89324334699995,0.014971445998526178,0.0005600869990303181,10.100267303998407,0.01671553599953768,1.719236307999381,1.0123768013741028,0.8145452859971556,11.834722861000046,7,,True,
exp10-formal-v3-stable-20260803,task_e_mixed,attempt_0011,3,2,34.89325583000027,34.90860804899785,34.90874411299956,34.90917591999823,35.003621962998295,34.989594889997534,45.00315987199792,47.78304970099998,47.783108370000264,0.015352218997577438,0.0005678710003849119,10.094415758998366,0.013290789000166114,2.779889829002059,1.0151398043749396,0.6399725030023546,12.889852539999993,5,,True,
exp10-formal-v3-stable-20260803,task_e_mixed,attempt_0011,3,3,47.783121604999906,47.82436623600006,47.82461358799992,47.82521646399982,47.92338261399709,47.90962278799998,57.922621153000364,59.38278798299871,59.38281995299985,0.041244631000154186,0.0008502279997628648,10.098007565000444,0.013022017999901436,1.460166829998343,1.0126905375000206,0.5530888950015651,11.599698347999947,5,,True,
exp10-formal-v3-stable-20260803,task_a_simple,attempt_0012,3,1,21.001217719000124,21.067179128000134,21.067404970002826,21.06787252399954,21.165982703001646,21.148471713000617,31.16555431300003,32.74214509900048,32.74218798900256,0.06596140900001046,0.0006933959994057659,10.098149342997203,0.01683197099919198,1.5765907860004518,1.012622210500922,0.6735115709998354,11.740970270002435,8,,True,
exp10-formal-v3-stable-20260803,task_c_grouped,attempt_0013,3,1,19.581173015001696,19.59861558099874,19.598806347999925,19.599152815000707,19.696162747000926,19.68727013899843,29.696062505001464,31.38770584300073,31.38775707899913,0.017442565997043857,0.0005372340019675903,10.097256157001539,0.008993037001346238,1.6916433379992668,1.0102591635009048,0.7556956039989018,11.806584063997434,8,,True,
exp10-formal-v3-stable-20260803,task_d_dense,attempt_0014,3,1,18.227887424000073,18.292990704998374,18.293200907999562,18.293536825996853,18.39383465699939,18.376055035998434,28.39408837299925,30.411990297998273,30.412043286996777,0.06510328099830076,0.0005461209984787274,10.100887464999687,0.01810298599957605,2.0179019249990233,1.015032219000659,1.0958847459987737,12.184155862996704,8,,True,
exp10-formal-v3-stable-20260803,task_b_sequential,attempt_0015,3,1,24.558335530004115,24.593737126000633,24.59394654800417,24.594486266003514,24.693135430999973,24.6752598460007,34.69282283099892,36.88723797900457,36.88727127099992,0.035401595996518154,0.0007491400028811768,10.098876282994752,0.017783092000172473,2.194415148005646,1.0077246290011317,1.2582167940054205,12.328935740995803,8,,True,
exp10-formal-v3-stable-20260803,task_b_sequential,attempt_0015,3,2,36.887282121999306,36.91863519100298,36.91879134299961,36.91920786099945,37.01519540300069,37.006918250001036,45.01536484999815,47.3464464389981,47.346512953001366,0.03135306900367141,0.0005726699964725412,8.096573506998539,0.009019119999720715,2.3310815889999503,1.0175110861237044,1.3981639899939182,10.45923083100206,1,,True,
exp10-formal-v3-stable-20260803,task_d_dense,attempt_0016,4,1,19.24551376999443,19.31098194399965,19.31121817499661,19.31160549899505,19.411496566994174,19.393055430999084,29.41142987999774,31.345958352998423,31.34600483999384,0.06546817400521832,0.0006235549953998998,10.10021170500113,0.018918408000899944,1.9345284730006824,1.0153984292501264,1.0218318440020084,12.100491069999407,8,,True,
exp10-formal-v3-stable-20260803,task_e_mixed,attempt_0017,4,1,23.618328962002124,23.634711473001516,23.63491439200152,23.635360877000494,23.735324496999965,23.718869580996397,33.73488095799985,35.455221748998156,35.455267735000234,0.016382510999392252,0.0006494039989775047,10.09996656599833,0.016050149002694525,1.720340790998307,1.0153595411256902,0.7876978939966648,11.83693877299811,7,,True,
exp10-formal-v3-stable-20260803,task_e_mixed,attempt_0017,4,2,35.45528070999717,35.47313638399646,35.47327575500094,35.47373108600004,35.569193693998386,35.55595770599757,45.56930080700113,48.40885142299521,48.408896807995916,0.017855673999292776,0.000594702003581915,10.096025052000186,0.01458089300285792,2.839550615994085,1.0099542549987746,0.66901396799949,12.953616097998747,5,,True,
exp10-formal-v3-stable-20260803,task_e_mixed,attempt_0017,4,3,48.40890782800125,48.444758659999934,48.444923247996485,48.44528109699604,48.544022146001225,48.52651730700018,58.54408077900007,60.04415745499864,60.04420497400133,0.03585083199868677,0.0005224369961069897,10.099157531003584,0.01762270000472199,1.5000766759985709,1.0174990156237982,0.565484197002661,11.635297146000084,4,,True,
exp10-formal-v3-stable-20260803,task_b_sequential,attempt_0018,4,1,21.370521336997626,21.406471919995965,21.406666122995375,21.407036696000432,21.506441370001994,21.488142362999497,31.506254430998524,33.706491144999745,33.706537742000364,0.03595058299833909,0.0005647760044666938,10.099588308003149,0.018285662001289893,2.200236714001221,1.0178131001248403,1.2786622799976612,12.336016405002738,1,,True,
exp10-formal-v3-stable-20260803,task_b_sequential,attempt_0018,4,2,33.70654840199859,33.76955315499799,33.76971844399668,33.7702641040014,33.86947608999617,33.85226685999805,41.86935378400085,44.0456220269989,44.04566748200159,0.06300475299940445,0.0007109490034054033,8.09963534000417,0.017072253998776432,2.1762682429980487,1.0126741148769725,0.8125245479968726,10.339119080003002,8,,True,
exp10-formal-v3-stable-20260803,task_c_grouped,attempt_0019,4,1,19.501664878000156,19.519908754002245,19.520117254003708,19.520509197005595,19.62088189500355,19.601579018002667,29.621035572003166,31.35886082200159,31.358927376000793,0.018243876002088655,0.0006004430033499375,10.100918317999458,0.01955327500036219,1.7378252499984228,1.0129153818761552,0.8187877109958208,11.857262498000637,8,,True,
exp10-formal-v3-stable-20260803,task_a_simple,attempt_0020,4,1,20.481022501000552,20.55051120200369,20.550760427999194,20.551226149000286,20.649632339001982,20.632968265999807,30.64945151500433,32.17731264800386,32.1773512600048,0.06948870100313798,0.0007149469965952449,10.098691087005136,0.016333215004124213,1.5278611329995329,1.0126254169990716,0.6080652250020648,11.696328759004246,8,,True,
exp10-formal-v3-stable-20260803,task_a_simple,attempt_0021,5,1,17.687005489999137,17.78485768200335,17.78508266300196,17.785597925998445,17.881625767004152,17.872220547003963,27.881313049998425,29.416441329005465,29.416488337003102,0.09785219200421125,0.0007402439950965345,10.096230386996467,0.008770061998802703,1.53512827900704,1.0201929836257477,0.6021893260040088,11.729482847003965,8,,True,
exp10-formal-v3-stable-20260803,task_b_sequential,attempt_0022,5,1,21.273929078000947,21.309909229996265,21.310146974996314,21.310607756997342,21.410915068001486,21.39244496399624,31.41103315899818,33.5894173380002,33.589474845997756,0.03598015199531801,0.0006985270010773093,10.100886184001865,0.01899948399659479,2.1783841790020233,1.0125307629996314,1.260119931997906,12.31554576799681,8,,True,
exp10-formal-v3-stable-20260803,task_b_sequential,attempt_0022,5,2,33.589495164000255,33.62474324699724,33.62491145199601,33.62528512100107,33.72413405599946,33.70801635099633,41.72400544000266,44.029759848999674,44.029799363001075,0.03524808299698634,0.0005418740038294345,8.099093988006643,0.01605122000182746,2.305754408997018,1.0177294134991826,1.3812775440019323,10.44030419900082,8,,True,
exp10-formal-v3-stable-20260803,task_c_grouped,attempt_0023,5,1,20.934847410004295,20.951118823002616,20.95133077900391,20.951724004000425,21.051508125005057,21.032641518002492,31.051199868001277,32.73162586100079,32.731672769004945,0.016271412998321466,0.0006051809978089295,10.099869088997366,0.01887735699710902,1.680425992999517,1.0102252008755386,0.7612200069997925,11.79682535900065,8,,True,
exp10-formal-v3-stable-20260803,task_e_mixed,attempt_0024,5,1,27.30518431100063,27.322496863002016,27.322716533999483,27.323244201004854,27.41816651300178,27.407479033005075,37.41777477600408,39.07213686700561,39.07217910600593,0.017312552001385484,0.00074733800283866,10.095058242004598,0.01029648900293978,1.6543620910015306,1.0127708856234676,0.720812964005745,11.766994795005303,2,,True,
exp10-formal-v3-stable-20260803,task_e_mixed,attempt_0024,5,2,39.072190737999335,39.08917140800622,39.089327920999494,39.08983217400237,39.189802309003426,39.17126033800014,49.18960787100514,52.051705473000766,52.051752030005446,0.01698067000688752,0.0006607659961446188,10.100279950005643,0.018864034005673602,2.862097601995629,1.0150075438732529,0.7402937480001128,12.97956129200611,1,,True,
exp10-formal-v3-stable-20260803,task_e_mixed,attempt_0024,5,3,52.05176331099938,52.088139250001404,52.088296013003855,52.08868304700445,52.18788337300066,52.16957425700093,62.187560320002376,63.707406256005925,63.707458504002716,0.036375939002027735,0.0005437970030470751,10.09926430699852,0.01793404499767348,1.5198459360035486,1.0148078748770786,0.5960076970004593,11.65569519300334,5,,True,
exp10-formal-v3-stable-20260803,task_d_dense,attempt_0025,5,1,18.522125372001028,18.61998925199441,18.620232397996006,18.62060051899607,18.71882101799565,18.70469308400061,28.718860864995804,30.60794572899613,30.607997996994527,0.09786387999338331,0.0006112670016591437,10.098628466999799,0.01437330299813766,1.8890848640003242,1.010279168123816,0.9818446839999524,12.085872624993499,8,,True,
exp10-formal-v3-stable-20260803,task_c_grouped,attempt_0026,6,1,20.984762743006286,21.00361791600153,21.00387678200059,21.00447709900618,21.104333530005533,21.08949426300387,31.104188660006912,32.784360671001195,32.78441877000296,0.018855172995245084,0.0008591830046498217,10.100311878006323,0.014376397004525643,1.6801720109942835,1.0076777841259172,0.770144681999227,11.799656026996672,8,,True,
exp10-formal-v3-stable-20260803,task_b_sequential,attempt_0027,6,1,31.044309211996733,31.079002690996276,31.079207755996322,31.079570515998057,31.180579572996066,31.16027714899974,41.18066526299663,43.50213773699943,43.50218627799768,0.034693478999543004,0.000567825001780875,10.101457507000305,0.02025223899545381,2.321472474002803,1.007724869001322,1.4206014329975005,12.457877066000947,1,,True,
exp10-formal-v3-stable-20260803,task_b_sequential,attempt_0027,6,2,43.50219886099512,43.53644583999994,43.53663061599946,43.53700060000119,43.63682744000107,43.619709760998376,51.636245574001805,53.94206308700086,53.94210640899837,0.03424697900481988,0.0005547600012505427,8.099614958002348,0.016745018001529388,2.305817512999056,1.005072101499536,1.398366026005533,10.439907548003248,1,,True,
exp10-formal-v3-stable-20260803,task_d_dense,attempt_0028,6,1,26.44080819199735,26.506811767998443,26.507035087000986,26.507403106996207,26.600485739996657,26.59045865799999,36.60021678599878,38.43476291200204,38.4348211309989,0.06600357600109419,0.0005913389977649786,10.093181698997796,0.009707552999316249,1.8345461260032607,1.0151277811255568,0.9170135590029531,11.99401293900155,1,,True,
exp10-formal-v3-stable-20260803,task_a_simple,attempt_0029,6,1,24.731034985001315,24.798033532999398,24.798253646004014,24.79866461599886,24.899150621000445,24.880610685002466,34.89812557899859,36.37820239500434,36.378249073000916,0.06699854799808236,0.0006310829994617961,10.099871932994574,0.017877181999210734,1.4800768160057487,1.0127367231261815,0.5776725850009825,11.6472140879996,8,,True,
exp10-formal-v3-stable-20260803,task_e_mixed,attempt_0030,6,1,57.57917690600152,57.59536962200218,57.595587100004195,57.59598454400111,57.6923503470025,57.679034452005,67.69144759100163,69.38329190400691,69.38334373100224,0.016192716000659857,0.000614921998931095,10.095860490997438,0.012476951997086871,1.6918443130052765,1.0076839743751407,0.7787257450036122,11.80416682500072,7,,True,
exp10-formal-v3-stable-20260803,task_e_mixed,attempt_0030,6,2,69.38335672500398,69.39927437400183,69.39942103900103,69.39982746100577,69.49927004400524,69.48233898600301,79.4987765390033,81.74538443900383,81.74543917100527,0.015917648997856304,0.0005530870039365254,10.099355500002275,0.01649664399883477,2.2466079000005266,1.0126714155003356,0.12191674199857516,12.362082446001295,2,,True,
exp10-formal-v3-stable-20260803,task_e_mixed,attempt_0030,6,3,81.74545339800534,81.77821024200239,81.77839264300565,81.7788092040064,81.87168131900398,81.85934973999974,91.87164292700618,93.37144747200364,93.37149468999996,0.032756843997049145,0.0005989620040054433,10.093250284000533,0.012719695005216636,1.4998045449974597,1.0151706302513048,0.5716965219980921,11.626041291994625,5,,True,
exp10-formal-v3-stable-20260803,task_d_dense,attempt_0031,7,1,18.835993464999774,18.870778598997276,18.87099234899506,18.871416893998685,18.969184652996773,18.95461396299652,28.969109327001206,30.804421076994913,30.804475027995068,0.03478513399750227,0.0006382950014085509,10.098116978006146,0.014520194003125653,1.835311749993707,1.0127145464985006,0.9273144289982156,11.968481562995294,1,,True,
exp10-formal-v3-stable-20260803,task_a_simple,attempt_0032,7,1,18.426436198999,18.49322713100264,18.49343888799922,18.493859235000855,18.59159957600059,18.577245194996067,28.59219958200265,30.12812279300124,30.128174028999638,0.0667909320036415,0.0006321039982140064,10.098760694003431,0.015058559001772664,1.5359232109985896,1.0176331917500647,0.6033811310044257,11.701737830000638,8,,True,
exp10-formal-v3-stable-20260803,task_c_grouped,attempt_0033,7,1,21.010253747001116,21.02656617199682,21.026776947001053,21.02709532299923,21.125833478996356,21.117575511001633,31.125619068996457,32.877782704999845,32.87783376000152,0.016312424995703623,0.0005291510024107993,10.098842121995403,0.008174149996193592,1.752163636003388,1.0177781422471526,0.8179852940011187,11.867580013000406,8,,True,
exp10-formal-v3-stable-20260803,task_e_mixed,attempt_0034,7,1,67.20714078599849,67.2237499010007,67.22395586600032,67.22440065899718,67.32468158200209,67.31045126199751,77.32424963200174,78.99356134700065,78.99361212200165,0.016609115002211183,0.0006507579964818433,10.100293766001414,0.013819029001751915,1.669311714998912,1.0177744936254385,0.7429412240016973,11.78647133600316,7,,True,
exp10-formal-v3-stable-20260803,task_e_mixed,attempt_0034,7,2,78.99362485599704,79.01173531200038,79.01190741400205,79.01238048000232,79.11132595899835,79.09357100899797,89.1106963400016,91.97734283799946,91.97739834200183,0.018110456003341824,0.0006451680019381456,10.098788925999543,0.017485545002273284,2.8666464979978628,1.0102180399990175,0.6928459280024981,12.983773486004793,8,,True,
exp10-formal-v3-stable-20260803,task_e_mixed,attempt_0034,7,3,91.97740959299699,92.01276872000017,92.01297054799943,92.01330204900296,92.11326896699757,92.09565663499961,102.11375700100325,103.58421297700261,103.58425836199604,0.03535912700317567,0.0005333290027920157,10.10078645300382,0.01851056500163395,1.4704559759993572,1.0051306336245034,0.5679308730032062,11.606848768999043,5,,True,
exp10-formal-v3-stable-20260803,task_b_sequential,attempt_0035,7,1,23.49448277999909,23.53001514600328,23.530237321996538,23.530625949999376,23.631040690997906,23.61241187700216,33.63080256900139,35.878230857000744,35.87828318499669,0.03553236600419041,0.0006108039960963652,10.100565247004852,0.018777901997964364,2.2474282879993552,1.017677727123555,1.3170125629985705,12.3838004049976,8,,True,
exp10-formal-v3-stable-20260803,task_b_sequential,attempt_0035,7,2,35.87829493699974,35.91388243500114,35.91403960900061,35.91440113599674,36.01204912400135,35.99803257700114,44.01191589499649,46.34086133800156,46.34091211300256,0.03558749800140504,0.0005187009955989197,8.09787628599588,0.013786434996291064,2.3289454430050682,1.010045699499642,1.4167301880006562,10.462617176002823,1,,True,
exp10-formal-v3-stable-20260803,task_c_grouped,attempt_0036,8,1,20.454089900005783,20.47137907200522,20.47159062800347,20.472138805002032,20.565956738006207,20.552143925000564,30.56589030300529,32.33356992500194,32.33361918800074,0.017289171999436803,0.0007597329968120903,10.094299675001821,0.013893825002014637,1.767679621996649,1.0149331856246135,0.8399674999964191,11.879529287994956,8,,True,
exp10-formal-v3-stable-20260803,task_e_mixed,attempt_0037,8,1,61.71645092400286,61.73272890000226,61.73292374500306,61.733301252003,61.83282901900384,61.82245435599907,71.83267404700018,73.50878299100441,73.50883767400228,0.01627797599940095,0.0005723520007450134,10.099750301997119,0.01054084499628516,1.676108944004227,1.0053732932492494,0.7603955030062934,11.792386749999423,7,,True,
exp10-formal-v3-stable-20260803,task_e_mixed,attempt_0037,8,2,73.5088503070001,73.52582634000282,73.52597979699931,73.52660381500027,73.62397208800394,73.60761975400237,83.6241634590042,85.88752111599752,85.88756905600167,0.016976033002720214,0.0007774749974487349,10.098183662004885,0.016450128001451958,2.263357656993321,1.0101089502486502,0.15885663899825886,12.378718749001564,5,,True,
exp10-formal-v3-stable-20260803,task_e_mixed,attempt_0037,8,3,85.88758246100042,85.92206098099996,85.92224998500024,85.92262742100138,86.02179835800052,86.00398340500396,96.02175091100071,97.48854965899955,97.4885954249985,0.03447851999953855,0.0005664400014211424,10.099500926000474,0.017612914001801983,1.466798747998837,1.0123340710006232,0.5467026100013754,11.601012963998073,5,,True,
exp10-formal-v3-stable-20260803,task_d_dense,attempt_0038,8,1,19.17295803700108,19.23962350199872,19.23986201799562,19.240226429996255,19.338915335996717,19.323096470994642,29.339985881000757,31.198857288996805,31.198918383997807,0.06666546499764081,0.0006029279975336976,10.100123863005138,0.016610376005701255,1.8588714079960482,1.0148945293758516,0.9328246980003314,12.025960346996726,1,,True,
exp10-formal-v3-stable-20260803,task_b_sequential,attempt_0039,8,1,22.05922965100035,22.095503586999257,22.095730752000236,22.096156448998954,22.19544223399862,22.17706191600155,32.19516190599825,34.375034199001675,34.375074834999396,0.03627393599890638,0.0006528619996970519,10.099431153998012,0.018055699998512864,2.1798722930034273,1.0177579616247385,1.2761215420032386,12.315845183999045,8,,True,
exp10-formal-v3-stable-20260803,task_b_sequential,attempt_0039,8,2,34.3750862559973,34.4403110380008,34.44047496400162,34.44079852000141,34.53947784900083,34.52477273099794,42.53978977299994,44.6651348689993,44.66517915199802,0.06522478200349724,0.0004874820006079972,8.099314808998315,0.015055253999889828,2.1253450959993643,1.0102420368748426,0.8497070209996309,10.290092896000715,1,,True,
exp10-formal-v3-stable-20260803,task_a_simple,attempt_0040,8,1,18.481620409002062,18.546880672998668,18.547114911998506,18.54746363400045,18.647633075997874,18.631245058997592,28.647555116003787,30.167749286003527,30.1678046800007,0.06526026399660623,0.0005829610017826781,10.100440204005281,0.016352099999494385,1.5201941699997406,1.0100875797488698,0.6164612370048417,11.686184270998638,8,,True,
exp10-formal-v3-stable-20260803,task_b_sequential,attempt_0041,9,1,20.424792614998296,20.460247051996703,20.460481080001045,20.46083483199618,20.559147733998543,20.541416612999456,30.558999590000894,32.73708080499637,32.737123013997916,0.03545443699840689,0.0005877799994777888,10.098518509999849,0.017652273003477603,2.1780812149954727,1.0152187318735741,1.2460717609938001,12.31233039899962,8,,True,
exp10-formal-v3-stable-20260803,task_b_sequential,attempt_0041,9,2,32.73713630899874,32.80144771200139,32.80164983100258,32.802113559002464,32.901357271999586,32.89094378899608,40.901270643000316,43.05708814800164,43.05713401299727,0.06431140300264815,0.0006658470010734163,8.099620811997738,0.01079392500105314,2.1558175050013233,1.0174731983743186,0.8258993820054457,10.319997703998524,8,,True,
exp10-formal-v3-stable-20260803,task_c_grouped,attempt_0042,9,1,19.26223789499636,19.279531965999922,19.27973074899637,19.280162155999278,19.378852447996906,19.361230372996943,29.378920821000065,31.10154240799602,31.10159050799848,0.01729407100356184,0.0006301899993559346,10.099190072003694,0.017445435005356558,1.722621586995956,1.0151851263772187,0.794860764995974,11.83935261300212,8,,True,
exp10-formal-v3-stable-20260803,task_d_dense,attempt_0043,9,1,20.251208228000905,20.290593088000605,20.29078951599513,20.291120675996353,20.390079365999554,20.372723619999306,30.389914193998266,32.253260027995566,32.253306624996185,0.039384859999699984,0.0005275879957480356,10.099124678003136,0.016982808003376704,1.8633458339973004,1.0127099684987115,0.948007200997381,12.00209839699528,8,,True,
exp10-formal-v3-stable-20260803,task_e_mixed,attempt_0044,9,1,28.402827394005726,28.417994643001293,28.41823174700403,28.4188092780023,28.517014805001963,28.499254731999827,38.517155475004984,40.18192586200166,40.18197252000391,0.015167248995567206,0.0008146350010065362,10.098923728000955,0.01790197800437454,1.664770386996679,1.0175439666236343,0.7390685229984228,11.779145125998184,7,,True,
exp10-formal-v3-stable-20260803,task_e_mixed,attempt_0044,9,2,40.1819848830055,40.20079736500338,40.20096237400139,40.20137231099943,40.30056056700414,40.281774434006365,50.300406754002324,53.099454893002985,53.09950688100071,0.01881248199788388,0.0005749459960497916,10.099444380000932,0.018703397996432614,2.7990481390006607,1.0124952993746774,0.639021656003024,12.917521997995209,2,,True,
exp10-formal-v3-stable-20260803,task_e_mixed,attempt_0044,9,3,53.099519154005975,53.13505501799955,53.13522445499984,53.13564046400279,53.23541337300412,53.21670051700494,63.2350838160055,64.7966507960009,64.79670098000497,0.035535863993573,0.0005854460032423958,10.099859361005656,0.01853914100502152,1.5615669799954048,1.0076465227502922,0.6423678469946026,11.697181825998996,4,,True,
exp10-formal-v3-stable-20260803,task_a_simple,attempt_0045,9,1,19.145890776999295,19.24176101899502,19.241984467000293,19.242329792999953,19.341118036994885,19.323405914998148,29.341135233997193,30.86897427099757,30.869032329996116,0.09587024199572625,0.000568774004932493,10.0991507669969,0.01775237699621357,1.5278390370003763,1.0077171288758109,0.6154960819985718,11.723141552996822,8,,True,
exp10-formal-v3-stable-20260803,task_c_grouped,attempt_0046,10,1,29.97575530999893,29.992712870000105,29.992918134004867,29.99326184700476,30.09381115400174,30.0763594500022,40.09377072400093,41.84152087300026,41.841568091003865,0.016957560001173988,0.0005489770046551712,10.100852589996066,0.01744989099825034,1.7477501489993301,1.007783501625454,0.8358154439993086,11.865812781004934,8,,True,
exp10-formal-v3-stable-20260803,task_d_dense,attempt_0047,10,1,18.694929072000377,18.76021110900183,18.7604742409967,18.76095602299756,18.856434526998783,18.85023667600035,28.856535963997885,30.855906946999312,30.85595276299864,0.06528203700145241,0.000744913995731622,10.096061723001185,0.0062213639976107515,1.9993709830014268,1.0101127992511465,1.0848061939977924,12.161023690998263,8,,True,
exp10-formal-v3-stable-20260803,task_b_sequential,attempt_0048,10,1,54.088305421995756,54.122523104997526,54.12275853599567,54.12323347499478,54.221040263997565,54.20736651199695,64.22024762100045,66.43495371699828,66.4349954520003,0.03421768300177064,0.0007103699972503819,10.097489085004781,0.01329443199938396,2.214706095997826,1.0199586920007278,1.2851793500012718,12.346690030004538,8,,True,
exp10-formal-v3-stable-20260803,task_b_sequential,attempt_0048,10,2,66.43500662199949,66.49900980699749,66.49918912999419,66.49959988900082,66.60032221599977,66.58702876099414,74.59951834899402,76.71728654499748,76.71732568599691,0.0640031849980005,0.0005900820033275522,8.100329218999832,0.013445350996335037,2.1177681960034533,1.019964045875895,0.8911437249989831,10.28231906399742,1,,True,
exp10-formal-v3-stable-20260803,task_a_simple,attempt_0049,10,1,19.261524071000167,19.32630536599754,19.32652051599871,19.326852906997374,19.425771704998624,19.407933050999418,29.42523502199765,30.957314159000816,30.957360642998538,0.06478129499737406,0.0005475409998325631,10.098714505998942,0.017739953997079283,1.5320791370031657,1.0202580113755175,0.6092691060039215,11.69583657199837,8,,True,
exp10-formal-v3-stable-20260803,task_e_mixed,attempt_0050,10,1,60.09149111300212,60.1088665770003,60.10908588600432,60.10946259100456,60.20803631900344,60.192134816999896,70.20742018800229,71.9273144040053,71.92735313400044,0.01737546399817802,0.0005960140042589046,10.098334301997966,0.016337809996912256,1.7198942160030128,1.0174535141240995,0.7957019490058883,11.83586202099832,2,,True,
exp10-formal-v3-stable-20260803,task_e_mixed,attempt_0050,10,2,71.92736555699958,71.94385363300535,71.94401109900355,71.94445774199994,72.04034520099958,72.02536881700507,82.04004748200532,84.27396899700398,84.27401099399867,0.01648807600577129,0.0006041089945938438,10.096036383001774,0.014918111002771184,2.2339215149986558,1.0201246276237725,0.107421262000571,12.346645436999097,5,,True,
exp10-formal-v3-stable-20260803,task_e_mixed,attempt_0050,10,3,84.27402205399994,84.30916695899941,84.30938291200437,84.30987988700508,84.40667541600124,84.39018493900221,94.40614299900335,95.92489164599829,95.92493281100178,0.03514490499946987,0.0007129280056688003,10.096760086998984,0.016180785998585634,1.5187486469949363,1.0199231273736586,0.5856783949930104,11.650910757001839,4,,True,
