batch_id,task_type,attempt_id,trial_id,stage_id,stage_start_time,assignment_complete_time,first_command_dispatch_time,last_command_dispatch_time,reference_start_time,all_references_finished_time,all_uavs_stable_time,stage_end_time,planning_time,dispatch_time,reference_execution_time,trajectory_finish_spread,stabilization_delay,stable_hold_time,stable_arrival_spread,stage_wall_time,slowest_uav_id,valid,invalid_reason
exp10-formal-v2-gated-20260803,task_d_dense,attempt_0001,1,1,13.258641930000522,13.330154416000369,13.330411196000568,13.33080041300127,13.412587454000459,23.43154115499965,25.0531606880013,25.05320402899997,0.07151248599984683,0.0006459970009018434,10.101129958999081,0.019275568998637027,1.621619533001649,1.0125558531253773,0.709278231001008,11.79456209899945,1,True,
exp10-formal-v2-gated-20260803,task_a_simple,attempt_0002,1,1,13.423652385999958,13.492607657999542,13.49290666699926,13.49348043899954,13.573797996999929,23.593025078998835,24.79307630799849,24.793117574999997,0.06895527199958451,0.0008727809999982128,10.100118411999574,0.018696064998948714,1.200051228999655,1.0125732566252736,0.29575482299878786,11.369465189000039,1,True,
exp10-formal-v2-gated-20260803,task_c_grouped,attempt_0003,1,1,16.83914844100036,16.856645674999527,16.856897835999916,16.857538893998935,16.938481872999546,26.95720088300004,28.151736412999526,28.15178105599989,0.017497233999165474,0.0008932189994084183,10.100303047000125,0.01913871000033396,1.1945355299994844,1.017468412250082,0.27369336700030544,11.31263261499953,8,True,
exp10-formal-v2-gated-20260803,task_b_sequential,attempt_0004,1,1,20.535941494001236,20.570693437000955,20.570898840000154,20.571214751000298,20.656109855000977,30.671073127001364,nan,60.57158374200117,0.034751942999719176,0.000521313999342965,10.10017428700121,0.014565036000931286,nan,nan,nan,40.03564224799993,8,False,missing_required_timestamp
exp10-formal-v2-gated-20260803,task_e_mixed,attempt_0005,1,1,38.24800775600124,38.26377848300035,38.26400730000023,38.26436448700042,38.351929259000826,48.36422602899984,nan,78.26736700200127,0.015770726999107865,0.0005860040000698064,10.100218728999607,0.011845203998746001,nan,nan,nan,40.01935924600002,,False,missing_required_timestamp
exp10-formal-v2-gated-20260803,task_c_grouped,attempt_0006,2,1,16.09084113300014,16.1070056640001,16.10724477000076,16.107649276000302,16.19216517700079,26.202387915000145,27.371726948000287,27.371760541000185,0.016164530999958515,0.000643612000203575,10.095143144999383,0.010682030999305425,1.169339033000142,1.0175162361249477,0.2516320529994118,11.280919408000045,8,True,
exp10-formal-v2-gated-20260803,task_a_simple,attempt_0007,2,1,13.064415873001053,13.09892709900123,13.099156287000369,13.099535665000076,13.180984604001424,23.18861640200157,24.386628157000814,24.386662712000543,0.034511226000176976,0.0006085659988457337,10.089460115001202,0.007324179001443554,1.1980117549992428,1.0151685028756674,0.2856199199995899,11.32224683899949,1,True,
exp10-formal-v2-gated-20260803,task_b_sequential,attempt_0008,2,1,25.80231354499847,25.836309515998437,25.836522884999795,25.836971582999468,25.91930863699963,35.93724453899995,nan,65.83723794699836,0.03399597099996754,0.000662067001030664,10.100721654000154,0.018118057001629495,nan,nan,nan,40.03492440199989,6,False,missing_required_timestamp
exp10-formal-v2-gated-20260803,task_e_mixed,attempt_0009,2,1,64.71159656500095,64.72788467800092,64.72810321799989,64.72863865100044,64.8169446360007,74.82777156200063,92.83868913100014,92.83872475799944,0.016288112999973237,0.0007539729995187372,10.099668344000747,0.010258850001264364,18.010917568999503,1.012610723750413,17.08151797100072,28.127128192998498,8,False,conflicting_stable_confirmed
exp10-formal-v2-gated-20260803,task_e_mixed,attempt_0009,2,2,92.83873792300074,92.85543695100023,92.85558606999984,92.85591089899935,92.93686752199937,102.94756635700105,108.24676755200016,108.24680425100087,0.01669902799949341,0.0004739479991258122,10.091980287001206,0.01036479499998677,5.299201194999114,1.0101489711250906,3.0887189309996756,15.408066328000132,7,True,
exp10-formal-v2-gated-20260803,task_e_mixed,attempt_0009,2,3,108.246816674,108.28040320800028,108.28056309800013,108.28112977000092,108.36171896000087,118.37849154400101,119.682022899,119.68205533900073,0.033586534000278334,0.000726562000636477,10.097928446000878,0.01704386000164959,1.303531354998995,1.0050946305000252,0.39915216699955636,11.435238665000725,5,True,
exp10-formal-v2-gated-20260803,task_d_dense,attempt_0010,2,1,21.76076011999976,21.825223011999697,21.825456759999724,21.825926539999273,21.90759271999923,31.924816868999187,nan,61.826137526999446,0.06446289199993771,0.0007035279995761812,10.099360108999463,0.017200561000208836,nan,nan,nan,40.06537740699969,8,False,missing_required_timestamp
exp10-formal-v2-gated-20260803,task_a_simple,attempt_0012,3,1,13.85122704099922,13.887285402999623,13.887519230998805,13.887981144998776,13.970455585998934,23.98818910799855,25.052617059998738,25.052653738999652,0.036058362000403577,0.0006957419991522329,10.100669876999746,0.01780941399920266,1.0644279520001874,1.0175584181256454,0.14211581499876047,11.201426698000432,1,True,
exp10-formal-v2-gated-20260803,task_c_grouped,attempt_0013,3,1,15.079924555000616,15.097424875000797,15.097642192000421,15.097985013000653,15.183882118999463,25.192900083000495,26.351016369999343,26.351039843999388,0.01750032000018109,0.0005601379998552147,10.095257891000074,0.009143270001004566,1.1581162869988475,1.0126081391247226,0.24245303699899523,11.271115288998772,4,True,
exp10-formal-v2-gated-20260803,task_d_dense,attempt_0014,3,1,15.714465626000674,15.781518445000984,15.781745629999932,15.782244283000182,15.863788826000018,25.882308107000426,27.50192483200044,27.501972400999875,0.06705281900030968,0.0007258379991981201,10.100562477000494,0.0184814889998961,1.6196167250000144,1.0125814679997802,0.7124913770003332,11.787506774999201,7,True,
exp10-formal-v2-gated-20260803,task_b_sequential,attempt_0015,3,1,68.95465298499948,68.99090033799985,68.9911336339992,68.9915458659998,69.07257668800048,79.09032413800014,93.05274449299941,93.05278143199939,0.036247353000362637,0.0006455279999499908,10.099190504000944,0.017936681000719545,13.962420354999267,1.01000704424996,13.049434810998719,24.098128446999908,8,True,
exp10-formal-v2-gated-20260803,task_b_sequential,attempt_0015,3,2,93.05279398600032,93.08601743899999,93.08620730400071,93.08668743199996,93.16756325799906,101.18316283899912,106.25237612599994,106.25241189199915,0.033223452999664005,0.0006699929999740561,8.096955534998415,0.01566204499977175,5.069213287000821,1.017632193625559,4.138805504000629,13.19961790599882,8,True,
exp10-formal-v2-gated-20260803,task_d_dense,attempt_0016,4,1,13.678888073000053,13.776127515000553,13.776365970999905,13.776723639999545,13.865395138000167,23.870890546999362,25.36572338299993,25.365766994000296,0.09723944200050028,0.000596124998992309,10.094524575999458,0.005718013999285176,1.494832836000569,1.0149109101248541,0.5774553980008932,11.686878921000243,1,True,
exp10-formal-v2-gated-20260803,task_e_mixed,attempt_0017,4,1,44.25885719800135,44.27473526000176,44.27494518200001,44.27547348000007,44.36022222900101,54.37343032100034,nan,84.27586913200139,0.015878062000410864,0.0007382199983112514,10.098485139000331,0.013410096000370686,nan,nan,nan,40.01701193400004,,False,missing_required_timestamp
exp10-formal-v2-gated-20260803,task_b_sequential,attempt_0018,4,1,59.22311186099978,59.257910514001196,59.25813042499976,59.25862705400141,59.344301398001335,69.35267963000115,93.06756556599976,93.06759806599985,0.034798653001416824,0.0007165400002122624,10.094549205001385,0.008534778000466758,23.71488593599861,1.0125173001247276,22.77964285899907,33.84448620500007,8,True,
exp10-formal-v2-gated-20260803,task_b_sequential,attempt_0018,4,2,93.06761052000002,93.09879892100071,93.09895578400028,93.09930408500077,93.1839761200008,101.19275786400067,106.44586154799981,106.44590258500102,0.031188401000690646,0.0005051640000601765,8.093802080000387,0.008306059000460664,5.253103683999143,1.0175499322501764,4.321329523998429,13.378292065001006,1,True,
exp10-formal-v2-gated-20260803,task_c_grouped,attempt_0019,4,1,17.42240325199964,17.439210013000775,17.439418783000292,17.43987351299984,17.52057323199915,27.531032008000693,28.8054551059995,28.805490131000624,0.016806761001134873,0.000663499999063788,10.091613225000401,0.010508986000786535,1.274423097998806,1.0152634187500098,0.36443105199941783,11.383086879000984,8,True,
exp10-formal-v2-gated-20260803,task_a_simple,attempt_0020,4,1,19.766150098999788,19.800807387999157,19.80101835200003,19.801374026999838,19.886267988998952,29.901324820999434,31.109254106999288,31.10929216799923,0.034657288999369484,0.0005666390006808797,10.100306468999406,0.015463497000382631,1.2079292859998532,1.0150314513746252,0.29679677999956766,11.343142068999441,1,True,
exp10-formal-v2-gated-20260803,task_a_simple,attempt_0021,5,1,14.949645657001383,15.015672763000111,15.015917329999866,15.016317538000294,15.098864585001138,25.10690911600068,26.124107958001332,26.124140208001336,0.06602710599872808,0.0006447750001825625,10.090991786000814,0.008180050999726518,1.0171988420006528,1.0124953208751322,0.10235140700024203,11.174494550999952,1,True,
exp10-formal-v2-gated-20260803,task_b_sequential,attempt_0022,5,1,34.53770768200047,34.572581137999805,34.572823421000066,34.57319737999933,34.665844107999874,44.67338162899978,nan,74.57399433399951,0.03487345599933178,0.0006162419995234814,10.100558207999711,0.006993012000748422,nan,nan,nan,40.036286651999035,,False,missing_required_timestamp
exp10-formal-v2-gated-20260803,task_c_grouped,attempt_0023,5,1,15.599834179000027,15.61630692899962,15.61653451500024,15.61692058600056,15.700327216000005,25.716695973000242,26.93062004499916,26.930658608000158,0.01647274999959336,0.0006136570009402931,10.100161458000002,0.016501103000337025,1.2139240719989175,1.0175068385001396,0.30780394799876376,11.330824429000131,4,True,
exp10-formal-v2-gated-20260803,task_e_mixed,attempt_0024,5,1,92.63554632600062,92.6506751830002,92.6508831909996,92.65122531099951,92.7328818799997,102.74892826399991,104.46900286600066,104.46904266099955,0.01512885699958133,0.0005501279993040953,10.098045073000321,0.01569149799979641,1.72007460200075,1.0103241468748365,0.8142834950012912,11.833496334998927,7,True,
exp10-formal-v2-gated-20260803,task_e_mixed,attempt_0024,5,2,104.46905618600067,104.48534842700064,104.48549018199992,104.48590519699974,104.56894884900066,114.58224335699924,117.63908064499992,117.6391168329992,0.01629224099997373,0.0005567699990933761,10.096753174999321,0.013398962999417563,3.056837288000679,1.0200687014998948,1.0994630179993692,13.170060646998536,6,True,
exp10-formal-v2-gated-20260803,task_e_mixed,attempt_0024,5,3,117.63913185099955,117.67288450500018,117.6730466680001,117.67335453399937,117.75430665599924,127.77252770300038,129.47439714400025,129.4744469670004,0.03375265400063654,0.0004700289991887985,10.09948103500028,0.01776861000143981,1.7018694409998716,1.0149598294999578,0.7955332479996287,11.835315116000857,4,True,
exp10-formal-v2-gated-20260803,task_d_dense,attempt_0025,5,1,12.907681111999409,12.973246522999034,12.973464139999123,12.973866611999256,13.055007513999954,23.074027392000062,24.536722046999785,24.536759958000403,0.06556541099962487,0.0006200890002219239,10.100563252000939,0.019000853000761708,1.4626946549997228,1.0126249658751476,0.5480045019994577,11.629078846000994,1,True,
exp10-formal-v2-gated-20260803,task_c_grouped,attempt_0026,6,1,15.645925321001414,15.662673251999877,15.662871453001571,15.663244620000114,15.743921352001053,25.7631103370004,26.879317467000874,26.879346731000624,0.016747930998462834,0.0005713680002372712,10.100238883998827,0.01945460000024468,1.1162071300004754,1.012570899374623,0.21554540500073927,11.23342140999921,8,True,
exp10-formal-v2-gated-20260803,task_b_sequential,attempt_0027,6,1,17.212352582000676,17.247412016000453,17.247623732000648,17.248126821999904,17.331293074001223,27.34753980700043,29.337337568000294,29.33737204300087,0.03505943399977696,0.0007148059994506184,10.099916074999783,0.016064262999861967,1.9897977609998634,1.010136437500023,1.0811125469990657,12.125019461000193,1,True,
exp10-formal-v2-gated-20260803,task_b_sequential,attempt_0027,6,2,29.33738377500049,29.371389379000902,29.371550720001323,29.37189902099999,29.456080680000014,37.47082975400008,nan,67.37530160200004,0.03400560400041286,0.0005096419990877621,8.099279033998755,0.014655339999080752,nan,nan,nan,38.037917826999546,,False,missing_required_timestamp
exp10-formal-v2-gated-20260803,task_d_dense,attempt_0028,6,1,14.655150423001032,14.720410247000473,14.720624627001598,14.720954252999945,14.807657522000227,24.818633091001175,26.595087405999948,26.59512612800063,0.06525982399944041,0.0005440059994725743,10.098008463999577,0.01152615200044238,1.776454314998773,1.0102541476248916,0.8677873979995638,11.939975704999597,7,True,
exp10-formal-v2-gated-20260803,task_a_simple,attempt_0029,6,1,12.739544254998691,12.803795822999746,12.804011645999708,12.804394551998485,12.891395935999753,22.902407753999796,24.13335787899996,24.13339477699992,0.06425156800105469,0.0005987289987388067,10.098396108000088,0.011153375000503729,1.230950125000163,1.0152876187498805,0.321850517000712,11.39385052200123,1,True,
exp10-formal-v2-gated-20260803,task_e_mixed,attempt_0030,6,1,28.441371712000546,28.45742109300045,28.45763161600007,28.45801008000126,28.546559370000978,38.55561665000096,nan,68.4586344700001,0.016049380999902496,0.0005889870008104481,10.097985034000885,0.008837731000312488,nan,nan,nan,40.01726275799956,5,False,missing_required_timestamp
exp10-formal-v2-gated-20260803,task_d_dense,attempt_0031,7,1,13.107050057000379,13.201687259999744,13.201921215999391,13.202299901000515,13.285013836999497,23.29654863200085,24.769624298000053,24.769661887999973,0.0946372029993654,0.0006126410007709637,10.094627416001458,0.011659617000987055,1.473075665999204,1.0202803281249544,0.5442938180003694,11.662611830999595,1,True,
exp10-formal-v2-gated-20260803,task_a_simple,attempt_0032,7,1,13.537232002001474,13.571544537000591,13.571777021001253,13.572147982000388,13.653051770001184,23.67036069200003,24.824196639001457,24.82424075200106,0.034312534999116906,0.0006034449997969205,10.098583670998778,0.01697264699942025,1.1538359470014257,1.0125133591252506,0.24900652799988165,11.287008749999586,1,True,
exp10-formal-v2-gated-20260803,task_c_grouped,attempt_0033,7,1,13.349604316001205,13.367043940999793,13.367296632000944,13.367722115001015,13.450824180999916,23.468124955001258,24.605900299000496,24.605930636000267,0.017439624998587533,0.000678174001222942,10.100828323000314,0.017398388999936287,1.1377753439992375,1.0201361278745935,0.21518170200033637,11.256326319999062,8,True,
exp10-formal-v2-gated-20260803,task_e_mixed,attempt_0034,7,1,67.13741647700044,67.15248258700012,67.15283783999985,67.1531832540004,67.23353429100098,77.25151471500067,91.8851233559999,91.88516325099954,0.015066109999679611,0.0007006670002738247,10.09867687500082,0.017448175000026822,14.633608640999228,1.0175995227500607,13.69888568299939,24.747746773999097,7,True,
exp10-formal-v2-gated-20260803,task_e_mixed,attempt_0034,7,2,91.88517673599927,91.90213437700004,91.90227285500077,91.90261483299946,91.98405008200098,102.00034575400059,108.07176460600022,108.07180436999988,0.016957641000772128,0.000480455999422702,10.098072898999817,0.016494327001055353,6.071418851999624,1.015100371500239,3.3664705640003376,16.186627634000615,5,True,
exp10-formal-v2-gated-20260803,task_e_mixed,attempt_0034,7,3,108.07181640300041,108.1044127770001,108.10456420899936,108.10489852300088,108.1850108109993,118.20497049500045,119.53148675400007,119.53151932500077,0.03259637399969506,0.0004857460007769987,10.100406286001089,0.019406060000619618,1.326516258999618,1.0149621543748708,0.3976925539991498,11.45970292200036,5,True,
exp10-formal-v2-gated-20260803,task_b_sequential,attempt_0035,7,1,91.51111108199984,91.54471351499888,91.5449332549997,91.54540364199966,91.62608088699926,101.64527793999878,105.04595140799938,105.04599434800002,0.03360243299903232,0.0006901270007801941,10.100344684999072,0.019582793000154197,3.4006734680006048,1.015140612749974,2.4935644590004813,13.534883266000179,1,True,
exp10-formal-v2-gated-20260803,task_b_sequential,attempt_0035,7,2,105.04600797399871,105.10893122199923,105.10911454399866,105.10971839099875,105.19192814899907,113.21014029899925,115.16589072299939,115.16592125999887,0.06292324800051574,0.0007871689995226916,8.101025755000592,0.018073025999910897,1.9557504240001435,1.0125657659998524,1.0210106730010011,10.119913286000155,1,True,
exp10-formal-v2-gated-20260803,task_c_grouped,attempt_0036,8,1,17.037138595000215,17.05419507700026,17.054396953999458,17.054746556999817,17.136048690999814,27.154410901999654,28.3958618559991,28.39589965599953,0.017056482000043616,0.0005514799995580688,10.100013948000196,0.01881634799974563,1.241450953999447,1.0177177173752625,0.3372563339999033,11.358761060999313,8,True,
exp10-formal-v2-gated-20260803,task_e_mixed,attempt_0037,8,1,42.94212608499947,42.95754646900059,42.95776538800055,42.95829955500085,43.04120491499998,53.052384550999705,nan,82.95856898100101,0.015420384001117782,0.0007530860002589179,10.094619162999152,0.01086375799968664,nan,nan,nan,40.016442896001536,,False,missing_required_timestamp
exp10-formal-v2-gated-20260803,task_d_dense,attempt_0038,8,1,74.30995512000118,74.37557758300136,74.37581611900168,74.3763119840005,74.458597887,84.47475608100103,93.07033915500142,93.07037471100011,0.0656224630001816,0.000734400999135687,10.09893996199935,0.0165185690002545,8.595583074000388,1.0127018842501911,7.686474750000343,18.760419590998936,8,True,
exp10-formal-v2-gated-20260803,task_b_sequential,attempt_0039,8,1,31.32285238899931,31.359617783999056,31.35995984299916,31.360359087999313,31.447703149999143,41.456934994999756,nan,71.36377498000002,0.036765394999747514,0.0007413040002575144,10.096975152000596,0.009051250000993605,nan,nan,nan,40.04092259100071,4,False,missing_required_timestamp
exp10-formal-v2-gated-20260803,task_a_simple,attempt_0040,8,1,13.089775131000351,13.157635995001328,13.157861235000382,13.158178768000653,13.23999782500141,23.255827791999764,nan,53.15968395600066,0.06786086400097702,0.0005427729993243702,10.097966556999381,0.01587477199973364,nan,nan,nan,40.06990882500031,1,False,missing_required_timestamp
exp10-formal-v2-gated-20260803,task_b_sequential,attempt_0041,9,1,47.2179324789995,47.251577356999405,47.25179034499888,47.25211887899968,47.33336603099997,57.349389929999234,nan,87.25299453600019,0.033644877999904566,0.0005415220002760179,10.097599585000353,0.015695149000748643,nan,nan,nan,40.03506205700069,4,False,missing_required_timestamp
exp10-formal-v2-gated-20260803,task_c_grouped,attempt_0042,9,1,14.610568908999994,14.627073220000966,14.627281830000356,14.62768282900106,14.708455142001185,24.724029184000756,25.873997890001192,25.8740403790016,0.01650431100097194,0.0006096090000937693,10.0967473540004,0.015950217999488814,1.1499687060004362,1.0151218268756566,0.24149790199953713,11.263471470001605,4,True,
exp10-formal-v2-gated-20260803,task_d_dense,attempt_0043,9,1,13.263619278000988,13.29933160300061,13.299558886999876,13.29995707099988,13.386405238999942,23.39762564800003,24.889843384000415,24.889880583001286,0.03571232499962207,0.0006254679992707679,10.098066761000155,0.011686464999002055,1.4922177360003843,1.012715426249997,0.5837239379998209,11.626261305000298,1,True,
exp10-formal-v2-gated-20260803,task_e_mixed,attempt_0044,9,1,22.335459654999795,22.350638272999277,22.350845340000888,22.351171428999805,22.432837831000143,32.45047657500072,nan,62.3519572740006,0.015178617999481503,0.0005331560005288338,10.099631234999833,0.018208868001238443,nan,nan,nan,40.0164976190008,7,False,missing_required_timestamp
exp10-formal-v2-gated-20260803,task_a_simple,attempt_0045,9,1,13.165753576999123,13.199929466998583,13.200166138998611,13.20062243099892,13.28310009300003,23.299163117999342,24.46452686199882,24.464568519999375,0.034175889999460196,0.0006929640003363602,10.09899697900073,0.01640665299964894,1.1653637439994782,1.0126871608749752,0.25762195700008306,11.298814943000252,1,True,
exp10-formal-v2-gated-20260803,task_c_grouped,attempt_0046,10,1,15.336752807001176,15.353676967000865,15.353904071000215,15.354244828000446,15.440130969000165,25.447889596000095,26.662048960000902,26.662083745000928,0.016924159999689437,0.0005678609995811712,10.09398552499988,0.007930731999294949,1.2141593640008068,1.0152067266249105,0.28203951199975563,11.325330937999752,4,True,
exp10-formal-v2-gated-20260803,task_d_dense,attempt_0047,10,1,20.153238251999937,20.219170246999056,20.219402860999253,20.219903355999122,20.300945001999935,30.309990642999765,31.921745480998652,31.9217840729998,0.06593199499911861,0.0007331090000661789,10.090587782000512,0.00951413000075263,1.6117548379988875,1.0126482205005232,0.6952807259986002,11.768545820999861,1,True,
exp10-formal-v2-gated-20260803,task_b_sequential,attempt_0048,10,1,17.81126964699979,17.8442858239996,17.844493732000046,17.84490651300075,17.929684108999936,27.941526671000247,29.961623863999193,29.96166215499943,0.03301617699980852,0.0006206890011526411,10.0970329390002,0.012608209000973147,2.0200971929989464,1.0198890976253097,1.0903387119997205,12.15039250799964,1,True,
exp10-formal-v2-gated-20260803,task_b_sequential,attempt_0048,10,2,29.961674488000426,30.02228820200071,30.022478597000372,30.022957250999752,30.108915683000305,38.12181451200013,nan,68.0237446079991,0.060613714000282926,0.000669048999043298,8.099335914999756,0.012917997999466024,nan,nan,nan,38.06207011999868,,False,missing_required_timestamp
exp10-formal-v2-gated-20260803,task_a_simple,attempt_0049,10,1,13.02533306999976,13.06138474799991,13.06160727399947,13.061977875999219,13.145119759999943,23.161130123000476,24.336492041000383,24.33652521300064,0.03605167800014897,0.0005931279993092176,10.099522849001005,0.016516309000508045,1.1753619179999077,1.0175982529997327,0.27171505600017554,11.31119214300088,1,True,
exp10-formal-v2-gated-20260803,task_e_mixed,attempt_0050,10,1,45.92032585800007,45.93638196900065,45.93666703100098,45.93720700999984,46.02056462899964,56.03760811999928,nan,85.93725352699948,0.01605611100058013,0.0008250409991887864,10.100941088998297,0.01735596799881023,nan,nan,nan,40.016927668999415,3,False,missing_required_timestamp
exp10-formal-v2-gated-20260803,task_e_mixed,attempt_0051,3,1,22.777263018000667,22.794230120000066,22.79443533400081,22.79484810500071,22.87568119000025,32.89428800399946,nan,62.7960630689995,0.016967101999398437,0.0006179850006446941,10.099852669998654,0.018713624998781597,nan,nan,nan,40.018800050998834,7,False,missing_required_timestamp
