bag_time_ns,is_hover_stable,uav_id
1785138493397394425,False,5
1785138493417408835,False,5
1785138493437392197,False,5
1785138493457384676,False,5
1785138493477469259,False,5
1785138493497401483,False,5
1785138493517392139,False,5
1785138493537388655,False,5
1785138493557393036,False,5
1785138493577455307,False,5
1785138493597367434,False,5
1785138493617419155,False,5
1785138493637393189,False,5
1785138493657378594,False,5
1785138493677484267,False,5
1785138493697394139,False,5
1785138493717396376,False,5
1785138493737423982,False,5
1785138493757390451,False,5
1785138493777459405,False,5
1785138493797377022,False,5
1785138493817385651,False,5
1785138493837380675,False,5
1785138493857385747,False,5
1785138493877426888,False,5
1785138493897398958,False,5
1785138493917399512,False,5
1785138493937389596,False,5
1785138493957388207,False,5
1785138493977463703,False,5
1785138493997398803,False,5
1785138494017421198,False,5
1785138494037386335,False,5
1785138494057399923,False,5
1785138494077415455,False,5
1785138494097389579,False,5
1785138494117346921,False,5
1785138494137405815,False,5
1785138494157387774,False,5
1785138494177419998,False,5
1785138494197382099,False,5
1785138494217385037,False,5
1785138494237394768,False,5
1785138494257388329,False,5
1785138494277412007,False,5
1785138494297423341,False,5
1785138494317394359,False,5
1785138494337396686,False,5
1785138494357384155,False,5
1785138494377456455,False,5
1785138494397391134,False,5
1785138494417406546,False,5
1785138494437411658,False,5
1785138494457396923,False,5
1785138494477444676,False,5
1785138494497397510,False,5
1785138494517401720,False,5
1785138494537424156,False,5
1785138494557391727,False,5
1785138494577439620,False,5
1785138494597399217,False,5
1785138494617396615,False,5
1785138494637397289,False,5
1785138494657384908,False,5
1785138494677418003,False,5
1785138494697403028,False,5
1785138494717390136,False,5
1785138494737398735,False,5
1785138494757385433,False,5
1785138494777424219,False,5
1785138494797383104,False,5
1785138494817410849,False,5
1785138494837419739,False,5
1785138494857394093,False,5
1785138494877431827,False,5
1785138494897390542,False,5
1785138494917388471,False,5
1785138494937432286,False,5
1785138494957419134,False,5
1785138494977449404,False,5
1785138494997403721,False,5
1785138495017405737,False,5
1785138495037394258,False,5
1785138495057400082,False,5
1785138495077416165,False,5
1785138495097386962,False,5
1785138495117411621,False,5
1785138495137393369,False,5
1785138495157391278,False,5
1785138495177422610,False,5
1785138495197403546,False,5
1785138495217410752,False,5
1785138495237414191,False,5
1785138495257406820,False,5
1785138495277443592,False,5
1785138495297401515,False,5
1785138495317400616,False,5
1785138495337475751,False,5
1785138495357410600,False,5
1785138495377448164,False,5
1785138495397411527,False,5
1785138495417420206,False,5
1785138495437399690,False,5
1785138495457426383,False,5
1785138495477475859,False,5
1785138495497409997,False,5
1785138495517424417,False,5
1785138495537442143,False,5
1785138495557422128,False,5
1785138495577454672,False,5
1785138495597414789,False,5
1785138495617415493,False,5
1785138495637409965,False,5
1785138495657423634,False,5
1785138495677437152,False,5
1785138495697409812,False,5
1785138495717455922,False,5
1785138495737413966,False,5
1785138495757403047,False,5
1785138495777461962,False,5
1785138495797397773,False,5
1785138495817403927,False,5
1785138495837412916,False,5
1785138495857437786,False,5
1785138495877454260,False,5
1785138495897423384,False,5
1785138495917410572,False,5
1785138495937416887,False,5
1785138495957430415,False,5
1785138495977461536,False,5
1785138495997424379,False,5
1785138496017428198,False,5
1785138496037430746,False,5
1785138496057432100,False,5
1785138496077464584,False,5
1785138496097440191,False,5
1785138496117430294,False,5
1785138496137419877,False,5
1785138496157412836,False,5
1785138496177473634,False,5
1785138496197406930,False,5
1785138496217408004,False,5
1785138496237404720,False,5
1785138496257444969,False,5
1785138496277514403,False,5
1785138496297428592,False,5
1785138496317412865,False,5
1785138496337410673,False,5
1785138496357399334,False,5
1785138496377455273,False,5
1785138496397407014,False,5
1785138496417442343,False,5
1785138496437418450,False,5
1785138496457420747,False,5
1785138496477447390,False,5
1785138496497441511,False,5
1785138496517427777,False,5
1785138496537421127,False,5
1785138496557410098,False,5
1785138496577453984,False,5
1785138496597457142,False,5
1785138496617454450,False,5
1785138496637423944,False,5
1785138496657428846,False,5
1785138496677442825,False,5
1785138496697436044,False,5
1785138496717395470,False,5
1785138496737428404,False,5
1785138496757418258,False,5
1785138496777437436,False,5
1785138496797430446,False,5
1785138496817441349,False,5
1785138496837442924,False,5
1785138496857427136,False,5
1785138496877470270,False,5
1785138496897434776,False,5
1785138496917433886,False,5
1785138496937447484,False,5
1785138496957446204,False,5
1785138496977480752,False,5
1785138496997439717,False,5
1785138497017461450,False,5
1785138497037459298,False,5
1785138497057461154,False,5
1785138497077477778,False,5
1785138497097437814,False,5
1785138497117433087,False,5
1785138497137477624,False,5
1785138497157440947,False,5
1785138497177479131,False,5
1785138497197460228,False,5
1785138497217506177,False,5
1785138497237440815,False,5
1785138497257435978,False,5
1785138497277460427,False,5
1785138497297437495,False,5
1785138497317426617,False,5
1785138497337428032,False,5
1785138497357459874,False,5
1785138497377482229,False,5
1785138497397459097,False,5
1785138497417442137,False,5
1785138497437442801,False,5
1785138497457453724,False,5
1785138497477474004,False,5
1785138497497407961,False,5
1785138497517423583,False,5
1785138497537457550,False,5
1785138497557474414,False,5
1785138497577489835,False,5
1785138497597449281,False,5
1785138497617438102,False,5
1785138497637444796,False,5
1785138497657467181,False,5
1785138497677468997,False,5
1785138497697450574,False,5
1785138497717446388,False,5
1785138497737453604,False,5
1785138497757452113,False,5
1785138497777492171,False,5
1785138497797454342,False,5
1785138497817454013,False,5
1785138497837460929,False,5
1785138497857464808,False,5
1785138497877493365,False,5
1785138497897444124,False,5
1785138497917460717,False,5
1785138497937453526,False,5
1785138497957473896,False,5
1785138497977482555,False,5
1785138497997478790,False,5
1785138498017474454,False,5
1785138498037454929,False,5
1785138498057455242,False,5
1785138498077484098,False,5
1785138498097461838,False,5
1785138498117450719,False,5
1785138498137445761,False,5
1785138498157460091,False,5
1785138498177490680,False,5
1785138498197438544,False,5
1785138498217459004,False,5
1785138498237446843,False,5
1785138498257457145,False,5
1785138498277488717,False,5
1785138498297472768,False,5
1785138498317461980,False,5
1785138498337460369,False,5
1785138498357458257,False,5
1785138498377516850,False,5
1785138498397478940,False,5
1785138498417454396,False,5
1785138498437450540,False,5
1785138498457462254,False,5
1785138498477514886,False,5
1785138498497476325,False,5
1785138498517450779,False,5
1785138498537446863,False,5
1785138498557447617,False,5
1785138498577480882,False,5
1785138498597446599,False,5
1785138498617475736,False,5
1785138498637458676,False,5
1785138498657473726,False,5
1785138498677512231,False,5
1785138498697477828,False,5
1785138498717451730,False,5
1785138498737462102,False,5
1785138498757451384,False,5
1785138498777517892,False,5
1785138498797459122,False,5
1785138498817471588,False,5
1785138498837464837,False,5
1785138498857483284,False,5
1785138498877534924,False,5
1785138498897483458,False,5
1785138498917481266,False,5
1785138498937481308,False,5
1785138498957484055,False,5
1785138498977509275,False,5
1785138498997483438,False,5
1785138499017479362,False,5
1785138499037486588,False,5
1785138499057461963,False,5
1785138499077495508,False,5
1785138499097461446,False,5
1785138499117475875,False,5
1785138499137477700,False,5
1785138499157475367,False,5
1785138499177516056,False,5
1785138499197461645,False,5
1785138499217468991,False,5
1785138499237458082,False,5
1785138499257481247,False,5
1785138499277505986,False,5
1785138499297519293,False,5
1785138499317459011,False,5
1785138499337471987,False,5
1785138499357473211,False,5
1785138499377537775,False,5
1785138499397467784,False,5
1785138499417499847,False,5
1785138499437476815,False,5
1785138499457473601,False,5
1785138499477524189,False,5
1785138499497485928,False,5
1785138499517468737,False,5
1785138499537487514,False,5
1785138499557508997,False,5
1785138499577522875,False,5
1785138499597484694,False,5
1785138499617471551,False,5
1785138499637483205,False,5
1785138499657482015,False,5
1785138499677539636,False,5
1785138499697500744,False,5
1785138499717491849,False,5
1785138499737482703,False,5
1785138499757486432,False,5
1785138499777531309,False,5
1785138499797468562,False,5
1785138499817474355,False,5
1785138499837488052,False,5
1785138499857478566,False,5
1785138499877535656,False,5
1785138499897495692,False,5
1785138499917472861,False,5
1785138499937476389,False,5
1785138499957530153,False,5
1785138499977544081,False,5
1785138499997514998,False,5
1785138500017461919,False,5
1785138500037510803,False,5
1785138500057495756,False,5
1785138500077530363,False,5
1785138500097500639,False,5
1785138500117491874,False,5
1785138500137467920,False,5
1785138500157519529,False,5
1785138500177531523,False,5
1785138500197492722,False,5
1785138500217515556,False,5
1785138500237485451,False,5
1785138500257484410,False,5
1785138500277514519,False,5
1785138500297501075,False,5
1785138500317492911,False,5
1785138500337486461,False,5
1785138500357506220,False,5
1785138500377532651,False,5
1785138500397492647,False,5
1785138500417491868,False,5
1785138500437474456,False,5
1785138500457493123,False,5
1785138500477566804,False,5
1785138500497508315,False,5
1785138500517511833,False,5
1785138500537497347,False,5
1785138500557493151,False,5
1785138500577537176,False,5
1785138500597510036,False,5
1785138500617505449,False,5
1785138500637502365,False,5
1785138500657511283,False,5
1785138500677540090,False,5
1785138500697526906,False,5
1785138500717493404,False,5
1785138500737511520,False,5
1785138500757483779,False,5
1785138500777532463,False,5
1785138500797491277,False,5
1785138500817511607,False,5
1785138500837500397,False,5
1785138500857496892,False,5
1785138500877565003,False,5
1785138500897504019,False,5
1785138500917499271,False,5
1785138500937504613,False,5
1785138500957541394,False,5
1785138500977543510,False,5
1785138500997511912,False,5
1785138501017503938,False,5
1785138501037488180,False,5
1785138501057500234,False,5
1785138501077531915,False,5
1785138501097528159,False,5
1785138501117529183,False,5
1785138501137527070,False,5
1785138501157516692,False,5
1785138501177537342,False,5
1785138501197506926,False,5
1785138501217506106,False,5
1785138501237502631,False,5
1785138501257512912,False,5
1785138501277575812,False,5
1785138501297510310,False,5
1785138501317500793,False,5
1785138501337517336,False,5
1785138501357497520,False,5
1785138501377540643,False,5
1785138501397505287,False,5
1785138501417514125,False,5
1785138501437502435,False,5
1785138501457538134,False,5
1785138501477542563,False,5
1785138501497524250,False,5
1785138501517509494,False,5
1785138501537515326,False,5
1785138501557534614,False,5
1785138501577591623,False,5
1785138501597507696,False,5
1785138501617526543,False,5
1785138501637513800,False,5
1785138501657526145,False,5
1785138501677564810,False,5
1785138501697526548,False,5
1785138501717505951,False,5
1785138501737527183,False,5
1785138501757513378,False,5
1785138501777551541,False,5
1785138501797523760,False,5
1785138501817514905,False,5
1785138501837472326,False,5
1785138501857511281,False,5
1785138501877545968,False,5
1785138501897531071,False,5
1785138501917473844,False,5
1785138501937518500,False,5
1785138501957549119,False,5
1785138501977574339,False,5
1785138501997497865,False,5
1785138502017531760,False,5
1785138502037511393,False,5
1785138502057533897,False,5
1785138502077536192,False,5
1785138502097524061,False,5
1785138502117512029,False,5
1785138502137542338,False,5
1785138502157533642,False,5
1785138502177563300,False,5
1785138502197572418,False,5
1785138502217489773,False,5
1785138502237550008,False,5
1785138502257537235,False,5
1785138502277621175,False,5
1785138502297540614,False,5
1785138502317554592,False,5
1785138502337547670,False,5
1785138502357531901,False,5
1785138502377553413,False,5
1785138502397510233,False,5
1785138502417544699,False,5
1785138502437504033,False,5
1785138502457527810,False,5
1785138502477535575,False,5
1785138502497544253,False,5
1785138502517513456,False,5
1785138502537544175,False,5
1785138502557541962,False,5
1785138502577562142,False,5
1785138502597545531,False,5
1785138502617551664,False,5
1785138502637551435,False,5
1785138502657526910,False,5
1785138502677578148,False,5
1785138502697541430,False,5
1785138502717550919,False,5
1785138502737542414,False,5
1785138502757545050,False,5
1785138502777571351,False,5
1785138502797564329,False,5
1785138502817557868,False,5
1785138502837521901,False,5
1785138502857547531,False,5
1785138502877609339,False,5
1785138502897538747,False,5
1785138502917536093,False,5
1785138502937534762,False,5
1785138502957553558,False,5
1785138502977568979,False,5
1785138502997574891,False,5
1785138503017545507,False,5
1785138503037557009,False,5
1785138503057513849,False,5
1785138503077564566,False,5
1785138503097496548,False,5
1785138503117559448,False,5
1785138503137547537,False,5
1785138503157542458,False,5
1785138503177594978,False,5
1785138503197588788,False,5
1785138503217548242,False,5
1785138503237565826,False,5
1785138503257544457,False,5
1785138503277558855,False,5
1785138503297574776,False,5
1785138503317533659,False,5
1785138503337543118,False,5
1785138503357560793,False,5
1785138503377592824,False,5
1785138503397561707,False,5
1785138503417544515,False,5
1785138503437559895,False,5
1785138503457547382,False,5
1785138503477595274,False,5
1785138503497639559,False,5
1785138503517558617,False,5
1785138503537566152,False,5
1785138503557595829,False,5
1785138503577586663,False,5
1785138503597558200,False,5
1785138503617588068,False,5
1785138503637554816,False,5
1785138503657535250,False,5
1785138503677611756,False,5
1785138503697544158,False,5
1785138503717588664,False,5
1785138503737579658,False,5
1785138503757564761,False,5
1785138503777581794,False,5
1785138503797565744,False,5
1785138503817551839,False,5
1785138503837568662,False,5
1785138503858224956,False,5
1785138503877535501,False,5
1785138503897583593,False,5
1785138503917532708,False,5
1785138503937569529,False,5
1785138503957576703,False,5
1785138503977734533,False,5
1785138503997631018,False,5
1785138504017563090,False,5
1785138504037577188,False,5
1785138504057523227,False,5
1785138504077557142,False,5
1785138504097585666,False,5
1785138504117510615,False,5
1785138504137590808,False,5
1785138504157551855,False,5
1785138504177616137,False,5
1785138504197550213,False,5
1785138504217572136,False,5
1785138504237611872,False,5
1785138504257580173,False,5
1785138504277604560,False,5
1785138504297593219,False,5
1785138504317589332,False,5
1785138504337596867,False,5
1785138504357585938,False,5
1785138504377608090,False,5
1785138504397571542,False,5
1785138504417566042,False,5
1785138504437567957,False,5
1785138504457589348,False,5
1785138504477627060,False,5
1785138504497578549,False,5
1785138504517573541,False,5
1785138504537568762,False,5
1785138504557560738,False,5
1785138504577611194,False,5
1785138504597572782,False,5
1785138504617611667,False,5
1785138504637569899,False,5
1785138504657592452,False,5
1785138504677620526,False,5
1785138504697591001,False,5
1785138504717581023,False,5
1785138504737593978,False,5
1785138504757573220,False,5
1785138504777616443,False,5
1785138504797589562,False,5
1785138504817572180,False,5
1785138504837594403,False,5
1785138504857566271,False,5
1785138504877624602,False,5
1785138504897581672,False,5
1785138504917589417,False,5
1785138504937588797,False,5
1785138504957581183,False,5
1785138504977633753,False,5
1785138504997587296,False,5
1785138505017563652,False,5
1785138505037596695,False,5
1785138505057619008,False,5
1785138505077608309,False,5
1785138505097667682,False,5
1785138505117635151,False,5
1785138505137586449,False,5
1785138505157615054,False,5
1785138505177664829,False,5
1785138505197592683,False,5
1785138505217580100,False,5
1785138505237578056,False,5
1785138505257654712,False,5
1785138505277669982,False,5
1785138505297580453,False,5
1785138505317587417,False,5
1785138505337588159,False,5
1785138505357644646,False,5
1785138505377634638,False,5
1785138505397624129,False,5
1785138505417594353,False,5
1785138505437589705,False,5
1785138505457594534,False,5
1785138505477649329,False,5
1785138505497589757,False,5
1785138505517608052,False,5
1785138505537619875,False,5
1785138505557613764,False,5
1785138505577674740,False,5
1785138505597609147,False,5
1785138505617586374,False,5
1785138505637596303,False,5
1785138505657585313,False,5
1785138505677617845,False,5
1785138505697599992,False,5
1785138505717600965,False,5
1785138505737590536,False,5
1785138505757594995,False,5
1785138505777610655,False,5
1785138505797597992,False,5
1785138505817582403,False,5
1785138505837610697,False,5
1785138505857594837,False,5
1785138505877633742,False,5
1785138505897607252,False,5
1785138505917593036,False,5
1785138505937603927,False,5
1785138505957644735,False,5
1785138505977603107,False,5
1785138505997608768,False,5
1785138506017597067,False,5
1785138506037608338,False,5
1785138506057618999,False,5
1785138506077624840,False,5
1785138506097620643,False,5
1785138506117589094,False,5
1785138506137599574,False,5
1785138506157607199,False,5
1785138506177632507,False,5
1785138506197612239,False,5
1785138506217603463,False,5
1785138506237582023,False,5
1785138506257585720,False,5
1785138506277668267,False,5
1785138506297602633,False,5
1785138506317613274,False,5
1785138506337607714,False,5
1785138506357614487,False,5
1785138506377590161,False,5
1785138506397592837,False,5
1785138506417607084,False,5
1785138506437609710,False,5
1785138506457595844,False,5
1785138506477649606,False,5
1785138506497622004,False,5
1785138506517627325,False,5
1785138506537619801,False,5
1785138506557660388,False,5
1785138506577639860,False,5
1785138506597634099,False,5
1785138506617604323,False,5
1785138506637634551,False,5
1785138506657623791,False,5
1785138506677660661,False,5
1785138506697622990,False,5
1785138506717682614,False,5
1785138506737613854,False,5
1785138506757652227,False,5
1785138506777640185,False,5
1785138506797644774,False,5
1785138506817605830,False,5
1785138506837630668,False,5
1785138506857638694,False,5
1785138506877665344,False,5
1785138506897622844,False,5
1785138506917672238,False,5
1785138506937699260,False,5
1785138506957656990,False,5
1785138506977670727,False,5
1785138506997635090,False,5
1785138507017682079,False,5
1785138507037673252,False,5
1785138507057614391,False,5
1785138507077703991,False,5
1785138507097612268,False,5
1785138507117603662,False,5
1785138507137622217,False,5
1785138507157623139,False,5
1785138507177633389,False,5
1785138507197609824,False,5
1785138507217634952,False,5
1785138507237613071,False,5
1785138507257644491,False,5
1785138507277654490,False,5
1785138507297613182,False,5
1785138507317668306,False,5
1785138507337618663,False,5
1785138507357646456,False,5
1785138507377672856,False,5
1785138507397631187,False,5
1785138507417725346,True,5
1785138507437624275,True,5
1785138507457625217,True,5
1785138507477658740,True,5
1785138507497627772,True,5
1785138507517624316,True,5
1785138507537645817,True,5
1785138507557625839,True,5
1785138507577660024,True,5
1785138507597665184,True,5
1785138507617627342,True,5
1785138507637634847,True,5
1785138507657616392,True,5
1785138507677654495,True,5
1785138507697626181,True,5
1785138507717708688,True,5
1785138507737628326,True,5
1785138507757636521,True,5
1785138507777682900,True,5
1785138507797642343,True,5
1785138507817631032,True,5
1785138507837615362,True,5
1785138507857608440,True,5
1785138507877690786,True,5
1785138507897616676,True,5
1785138507917622086,True,5
1785138507937615374,True,5
1785138507957670839,True,5
1785138507977682401,True,5
1785138507997660540,True,5
1785138508017647024,True,5
1785138508037664027,True,5
1785138508057656232,True,5
1785138508077649980,True,5
1785138508097626486,True,5
1785138508117635984,True,5
1785138508137635863,True,5
1785138508157635393,True,5
1785138508177699705,True,5
1785138508197623530,True,5
1785138508217624693,True,5
1785138508237639831,True,5
1785138508257646785,True,5
1785138508277673986,True,5
1785138508297628480,True,5
1785138508317646204,True,5
1785138508337625985,True,5
1785138508357646063,True,5
1785138508377669949,True,5
1785138508397654389,True,5
1785138508417664148,True,5
1785138508437636746,True,5
1785138508457616498,True,5
1785138508477752345,True,5
1785138508497708963,True,5
1785138508517614544,True,5
1785138508537674538,True,5
1785138508557659409,True,5
1785138508577734662,True,5
1785138508597690157,True,5
1785138508617651093,True,5
1785138508637679798,True,5
1785138508657951492,True,5
1785138508677729853,True,5
1785138508697723170,True,5
1785138508717752676,True,5
1785138508737742827,True,5
1785138508757666543,True,5
1785138508777915775,True,5
1785138508797736125,True,5
1785138508817826246,True,5
1785138508838077772,True,5
1785138508858440358,True,5
1785138508877916246,True,5
1785138508898090065,True,5
1785138508918186388,True,5
1785138508937835123,True,5
1785138508957944320,True,5
1785138508978156451,True,5
1785138508998239839,True,5
1785138509017997510,True,5
1785138509037663357,True,5
1785138509058017448,True,5
1785138509077887872,True,5
1785138509097886479,True,5
1785138509118031193,True,5
1785138509137713231,True,5
1785138509157712580,True,5
1785138509177983623,True,5
1785138509197878063,True,5
1785138509217851172,True,5
1785138509237731836,True,5
1785138509257871309,True,5
1785138509277845931,True,5
1785138509298028898,True,5
1785138509317845200,True,5
1785138509337903911,True,5
1785138509357742044,True,5
1785138509378725195,True,5
1785138509397780236,True,5
1785138509417736854,True,5
1785138509437702719,True,5
1785138509457721565,True,5
1785138509478124998,True,5
1785138509497915491,True,5
1785138509517745940,True,5
1785138509538244634,True,5
1785138509557695254,True,5
1785138509577890574,True,5
1785138509597714851,True,5
1785138509617647012,True,5
1785138509637661810,True,5
1785138509657664154,True,5
1785138509677686627,True,5
1785138509697683411,True,5
1785138509717671929,True,5
1785138509737663392,True,5
1785138509757649506,True,5
1785138509777679272,True,5
1785138509797657340,True,5
1785138509817670916,True,5
1785138509837661047,True,5
1785138509857655737,True,5
1785138509877682047,True,5
1785138509897676867,True,5
1785138509917663571,True,5
1785138509937659964,True,5
1785138509957678289,True,5
1785138509977700300,True,5
1785138509997663070,True,5
1785138510017683598,True,5
1785138510037677787,True,5
1785138510057676564,True,5
1785138510077710118,True,5
1785138510097672065,True,5
1785138510117657287,True,5
1785138510137667486,True,5
1785138510157666664,True,5
1785138510177712470,True,5
1785138510197664199,True,5
1785138510217651935,True,5
1785138510237670039,True,5
1785138510257667774,True,5
1785138510277684846,True,5
1785138510297676811,True,5
1785138510317677612,True,5
1785138510337660189,True,5
1785138510357655529,True,5
1785138510377717897,True,5
1785138510397720642,True,5
1785138510417661079,True,5
1785138510437675506,True,5
1785138510457674193,True,5
1785138510477738765,True,5
1785138510497701033,True,5
1785138510517659675,True,5
1785138510537698468,True,5
1785138510557678460,True,5
1785138510577721932,True,5
1785138510597681214,True,5
1785138510617666606,True,5
1785138510637674881,True,5
1785138510657691352,True,5
1785138510677695580,True,5
1785138510697678507,True,5
1785138510717673367,True,5
1785138510737671804,True,5
1785138510757666043,True,5
1785138510777703583,True,5
1785138510797679367,True,5
1785138510817682162,True,5
1785138510837669287,True,5
1785138510857666963,True,5
1785138510877722447,True,5
1785138510897674246,True,5
1785138510917683663,True,5
1785138510937700655,True,5
1785138510957690686,True,5
1785138510977725612,True,5
1785138510997695785,True,5
1785138511017680355,True,5
1785138511037702026,True,5
1785138511057680925,True,5
1785138511077737702,True,5
1785138511097685733,True,5
1785138511117715740,True,5
1785138511137698386,True,5
1785138511157675352,True,5
1785138511177706901,True,5
1785138511197678938,True,5
1785138511217688866,True,5
1785138511237696229,True,5
1785138511257670139,True,5
1785138511277720164,True,5
1785138511297690517,True,5
1785138511317679375,True,5
1785138511337695936,True,5
1785138511357697469,True,5
1785138511377725972,True,5
1785138511397707456,True,5
1785138511417687067,True,5
1785138511437696374,True,5
1785138511457700732,True,5
1785138511477725088,True,5
1785138511497679080,True,5
1785138511517689229,True,5
1785138511537678829,True,5
1785138511557679239,True,5
1785138511577708434,True,5
1785138511597678557,True,5
1785138511617700287,True,5
1785138511637685539,True,5
1785138511657695517,True,5
1785138511677712809,True,5
1785138511697692210,True,5
1785138511717697018,True,5
1785138511737691648,True,5
1785138511757686247,True,5
1785138511777743134,True,5
1785138511797699311,True,5
1785138511817689742,True,5
1785138511837696745,True,5
1785138511857696574,True,5
1785138511877736028,True,5
1785138511897685281,True,5
1785138511917694679,True,5
1785138511937706581,True,5
1785138511957741687,True,5
1785138511977754711,True,5
1785138511997709755,True,5
1785138512017699775,True,5
1785138512037724401,True,5
1785138512057704423,True,5
1785138512077723198,True,5
1785138512097700494,True,5
1785138512117716834,True,5
1785138512137703158,True,5
1785138512157702896,True,5
1785138512177727382,True,5
1785138512197716651,True,5
1785138512217700520,True,5
1785138512237715858,True,5
1785138512257716268,True,5
1785138512277747526,True,5
1785138512297697651,True,5
1785138512317700736,True,5
1785138512337702058,True,5
1785138512357700204,True,5
1785138512377757472,True,5
1785138512397707406,True,5
1785138512417698118,True,5
1785138512437695823,True,5
1785138512457705280,True,5
1785138512477753270,True,5
1785138512497710188,True,5
1785138512517731187,True,5
1785138512537697162,True,5
1785138512557704325,True,5
1785138512577707229,True,5
1785138512597721896,True,5
1785138512617698682,True,5
1785138512637711626,True,5
1785138512657726573,True,5
1785138512677774203,True,5
1785138512697720881,True,5
1785138512717707936,True,5
1785138512737714748,True,5
1785138512757708425,True,5
1785138512777743561,True,5
1785138512797711850,True,5
1785138512817696270,True,5
1785138512837711518,True,5
1785138512857699966,True,5
1785138512877734460,True,5
1785138512897723338,True,5
1785138512917719871,True,5
1785138512937709811,True,5
1785138512957755507,True,5
1785138512977749996,True,5
1785138512997745166,True,5
1785138513017726310,True,5
1785138513037716720,True,5
1785138513057709315,True,5
1785138513077784196,True,5
1785138513097712299,True,5
1785138513117718751,True,5
1785138513137713650,True,5
1785138513157753715,True,5
1785138513177763723,True,5
1785138513197728195,True,5
1785138513217715390,True,5
1785138513237734395,True,5
1785138513257731268,True,5
1785138513277756014,True,5
1785138513297730455,True,5
1785138513317740212,True,5
1785138513337711186,True,5
1785138513357716445,True,5
1785138513377735070,True,5
1785138513397711674,True,5
1785138513417708938,True,5
1785138513437730609,True,5
1785138513457681304,True,5
1785138513477753179,True,5
1785138513497728582,True,5
1785138513517772224,True,5
1785138513537732257,True,5
1785138513557721305,True,5
1785138513577810443,True,5
1785138513597762452,True,5
1785138513620476660,True,5
1785138513637737663,True,5
1785138513657745897,True,5
1785138513677752890,True,5
1785138513697718093,True,5
1785138513717735004,True,5
1785138513737742708,True,5
1785138513757730023,True,5
1785138513777745181,True,5
1785138513797734880,True,5
1785138513817728708,True,5
1785138513837752812,True,5
1785138513857732082,True,5
1785138513877750687,True,5
1785138513897720348,True,5
1785138513917717241,True,5
1785138513937756214,True,5
1785138513957759470,True,5
1785138513977781009,True,5
1785138513997733989,True,5
1785138514017735070,True,5
1785138514037827464,True,5
1785138514057735249,True,5
1785138514077799108,True,5
1785138514097754773,True,5
1785138514117764651,True,5
1785138514137749040,True,5
1785138514157752446,True,5
1785138514177786329,True,5
1785138514197749287,True,5
1785138514217730090,True,5
1785138514237735519,True,5
1785138514257727152,True,5
1785138514277763901,True,5
1785138514297739343,True,5
1785138514317745293,True,5
1785138514337744511,True,5
1785138514357734891,True,5
1785138514377744619,True,5
1785138514397740009,True,5
1785138514417733846,True,5
1785138514437726170,True,5
1785138514457752419,True,5
1785138514477799487,True,5
1785138514497756996,True,5
1785138514517741946,True,5
1785138514537738057,True,5
1785138514557748787,True,5
1785138514577777660,True,5
1785138514597733926,True,5
1785138514617743283,True,5
1785138514637742721,True,5
1785138514657729074,True,5
1785138514677828902,True,5
1785138514697782944,True,5
1785138514717733058,True,5
1785138514737742836,True,5
1785138514757737925,True,5
1785138514777793629,True,5
1785138514797763201,True,5
1785138514817766506,True,5
1785138514837741848,True,5
1785138514857740004,True,5
1785138514877812309,True,5
1785138514897739841,True,5
1785138514917745531,True,5
1785138514937747423,True,5
1785138514957740840,True,5
1785138514977783820,True,5
1785138514997752960,True,5
1785138515017761836,True,5
1785138515037758729,True,5
1785138515057735924,True,5
1785138515077804212,True,5
1785138515097742875,True,5
1785138515117760647,True,5
1785138515137747892,True,5
1785138515157736168,True,5
1785138515177785350,True,5
1785138515197743109,True,5
1785138515217751984,True,5
1785138515237744389,True,5
1785138515257749808,True,5
1785138515277793720,True,5
1785138515297762419,True,5
1785138515317746417,True,5
1785138515337747037,True,5
1785138515357748960,True,5
1785138515377788173,True,5
1785138515397757483,True,5
1785138515417754396,True,5
1785138515437766097,True,5
1785138515457733163,True,5
1785138515477784639,True,5
1785138515497778286,True,5
1785138515517768687,True,5
1785138515537751783,True,5
1785138515557743506,True,5
1785138515577794662,True,5
1785138515597784101,True,5
1785138515617772177,True,5
1785138515637746507,True,5
1785138515657744492,True,5
1785138515677791089,True,5
1785138515697750992,True,5
1785138515717744548,True,5
1785138515737754415,True,5
1785138515757753543,True,5
1785138515777811511,True,5
1785138515797765663,True,5
1785138515817764790,True,5
1785138515837763276,True,5
1785138515857776369,True,5
1785138515877826864,True,5
1785138515897767680,True,5
1785138515917774312,True,5
1785138515937769361,True,5
1785138515957802462,True,5
1785138515977819293,True,5
1785138515997768525,True,5
1785138516017761561,True,5
1785138516037761339,True,5
1785138516057756468,True,5
1785138516077777176,True,5
1785138516097775762,True,5
1785138516117771472,True,5
1785138516137770940,True,5
1785138516157764145,True,5
1785138516177815201,True,5
1785138516197782066,True,5
1785138516217787335,True,5
1785138516237780019,True,5
1785138516257757485,True,5
1785138516277812568,True,5
1785138516297775316,True,5
1785138516317787949,True,5
1785138516337776716,True,5
1785138516357779800,True,5
1785138516377806028,True,5
1785138516397759088,True,5
1785138516417785106,True,5
1785138516437761950,True,5
1785138516457764905,True,5
1785138516477788037,True,5
1785138516497774880,True,5
1785138516517759881,True,5
1785138516537773084,True,5
1785138516557764176,True,5
1785138516577798259,True,5
1785138516597791985,True,5
1785138516617769962,True,5
1785138516637775962,True,5
1785138516657766823,True,5
1785138516677806126,True,5
1785138516697764456,True,5
1785138516717770546,True,5
1785138516737789500,True,5
1785138516757842149,True,5
1785138516777817490,True,5
1785138516797791890,True,5
1785138516817789024,True,5
1785138516837782971,True,5
1785138516857778360,True,5
1785138516877813335,True,5
1785138516897802433,True,5
1785138516917789888,True,5
1785138516937794054,True,5
1785138516957806817,True,5
1785138516977817846,True,5
1785138516997792597,True,5
1785138517017793938,True,5
1785138517037793806,True,5
1785138517057782493,True,5
1785138517077816866,True,5
1785138517097780897,True,5
1785138517117790764,True,5
1785138517137792545,True,5
1785138517157783086,True,5
1785138517177812259,True,5
1785138517197794203,True,5
1785138517217783081,True,5
1785138517237780795,True,5
1785138517257789129,True,5
1785138517277809105,True,5
1785138517297787563,True,5
1785138517317798762,True,5
1785138517337798290,True,5
1785138517357782237,True,5
1785138517377844433,True,5
1785138517397814385,True,5
1785138517417791259,True,5
1785138517437815253,True,5
1785138517457811454,True,5
1785138517477860766,True,5
1785138517497787285,True,5
1785138517517794247,True,5
1785138517537781281,True,5
1785138517557777832,True,5
1785138517577832144,True,5
1785138517597788199,True,5
1785138517617803085,True,5
1785138517637801541,True,5
1785138517657798133,True,5
1785138517677824801,True,5
1785138517697781558,True,5
1785138517717782809,True,5
1785138517737784500,True,5
1785138517757804196,True,5
1785138517777820725,True,5
1785138517797792019,True,5
1785138517817790425,True,5
1785138517837789882,True,5
1785138517857812533,True,5
1785138517877856725,True,5
1785138517897796249,True,5
1785138517917798792,True,5
1785138517937801496,True,5
1785138517957816933,True,5
1785138517977830968,True,5
1785138517997794738,True,5
1785138518017814995,True,5
1785138518037814211,True,5
1785138518057817516,True,5
1785138518077840407,True,5
1785138518097791743,True,5
1785138518117793965,True,5
1785138518137789966,True,5
1785138518157807046,True,5
1785138518177825930,True,5
1785138518197795431,True,5
1785138518217792704,True,5
1785138518237815685,True,5
1785138518257821865,True,5
1785138518277838435,True,5
1785138518297792526,True,5
1785138518317822371,True,5
1785138518337798674,True,5
1785138518357812769,True,5
1785138518377824539,True,5
1785138518397798458,True,5
1785138518417809257,True,5
1785138518437804306,True,5
1785138518457826736,True,5
1785138518477855669,True,5
1785138518497798659,True,5
1785138518517816251,True,5
1785138518537808815,True,5
1785138518557804264,True,5
1785138518577850089,True,5
1785138518597830580,True,5
1785138518617826992,True,5
1785138518637818223,True,5
1785138518657832388,True,5
1785138518677853917,True,5
1785138518697818819,True,5
1785138518717811974,True,5
1785138518737807935,True,5
1785138518757805288,True,5
1785138518777851984,True,5
1785138518797818659,True,5
1785138518817812235,True,5
1785138518837818846,True,5
1785138518857807883,True,5
1785138518877841415,True,5
1785138518897832166,True,5
1785138518917865817,True,5
1785138518937822303,True,5
1785138518957832751,True,5
1785138518977849471,True,5
1785138518997818961,True,5
1785138519017805604,True,5
1785138519037809800,True,5
1785138519057851667,True,5
1785138519077855442,True,5
1785138519097813962,True,5
1785138519117829509,True,5
1785138519137816001,True,5
1785138519157826870,True,5
1785138519177848419,True,5
1785138519197812358,True,5
1785138519217829729,True,5
1785138519237815320,True,5
1785138519257825166,True,5
1785138519277895738,True,5
1785138519297836554,True,5
1785138519317817436,True,5
1785138519337829506,True,5
1785138519357843251,True,5
1785138519377851224,True,5
1785138519397826465,True,5
1785138519417818868,True,5
1785138519437838433,True,5
1785138519457832610,True,5
1785138519477861152,True,5
1785138519497814271,True,5
1785138519517812546,True,5
1785138519537814217,True,5
1785138519557827971,True,5
1785138519577878926,True,5
1785138519597818820,True,5
1785138519617816253,True,5
1785138519637826420,True,5
1785138519657842558,True,5
1785138519677923920,True,5
1785138519697838447,True,5
1785138519717821422,True,5
1785138519737826330,True,5
1785138519757880290,True,5
1785138519777875519,True,5
1785138519797822286,True,5
1785138519817821803,True,5
1785138519837827451,True,5
1785138519857837859,True,5
1785138519877857835,True,5
1785138519897845920,True,5
1785138519917840348,True,5
1785138519937822782,True,5
1785138519957846395,True,5
1785138519977859889,True,5
1785138519997853154,True,5
1785138520017829767,True,5
1785138520037826158,True,5
1785138520057836255,True,5
1785138520077862583,True,5
1785138520097863492,True,5
1785138520117837381,True,5
1785138520137828972,True,5
1785138520157848888,True,5
1785138520177854045,True,5
1785138520197846178,True,5
1785138520217837650,True,5
1785138520237841655,True,5
1785138520257849728,True,5
1785138520277867269,True,5
1785138520297834766,True,5
1785138520317851816,True,5
1785138520337867002,True,5
1785138520357846110,True,5
1785138520377878519,True,5
1785138520397854231,True,5
1785138520417847045,True,5
1785138520437861871,True,5
1785138520457847291,True,5
1785138520477887245,True,5
1785138520497850473,True,5
1785138520517847806,True,5
1785138520537834769,True,5
1785138520557867368,True,5
1785138520577881202,True,5
1785138520597860370,True,5
1785138520617853034,True,5
1785138520637840138,True,5
1785138520657857879,True,5
1785138520677886541,True,5
1785138520697855209,True,5
1785138520717830110,True,5
1785138520737853963,True,5
1785138520757859240,True,5
1785138520777866783,True,5
1785138520797851221,True,5
1785138520817843564,True,5
1785138520837868038,True,5
1785138520857857195,True,5
1785138520877888893,True,5
1785138520897861098,True,5
1785138520917846168,True,5
1785138520937881683,True,5
1785138520957913140,True,5
1785138520977910383,True,5
1785138520997872729,True,5
1785138521017854402,True,5
1785138521037869799,True,5
1785138521057861310,True,5
1785138521077885303,True,5
1785138521097855434,True,5
1785138521117861123,True,5
1785138521137863835,True,5
1785138521157856108,True,5
1785138521177905048,True,5
1785138521197850553,True,5
1785138521217850040,True,5
1785138521237858713,True,5
1785138521257905500,True,5
1785138521277890098,True,5
1785138521297883804,True,5
1785138521317866539,True,5
1785138521337882837,True,5
1785138521357857897,True,5
1785138521377911567,True,5
1785138521397901485,True,5
1785138521417863841,True,5
1785138521437862907,True,5
1785138521457868395,True,5
1785138521477912276,True,5
1785138521497868901,True,5
1785138521517877996,True,5
1785138521537874637,True,5
1785138521557911795,True,5
1785138521577930478,True,5
1785138521597891292,True,5
1785138521617897160,True,5
1785138521637894152,True,5
1785138521657872789,True,5
1785138521677904367,True,5
1785138521697863757,True,5
1785138521717858104,True,5
1785138521737857471,True,5
1785138521757864041,True,5
1785138521777904625,True,5
1785138521797876519,True,5
1785138521817866799,True,5
1785138521837872928,True,5
1785138521857858288,True,5
1785138521877890887,True,5
1785138521897861258,True,5
1785138521917868500,True,5
1785138521937862275,True,5
1785138521957893021,True,5
1785138521977915341,True,5
1785138521997901533,True,5
1785138522017895368,True,5
1785138522037884345,True,5
1785138522057887238,True,5
1785138522077911962,True,5
1785138522097878235,True,5
1785138522117889654,True,5
1785138522137877228,True,5
1785138522157881814,True,5
1785138522177931847,True,5
1785138522197873463,True,5
1785138522217873020,True,5
1785138522237882215,True,5
1785138522257893333,True,5
1785138522277924710,True,5
1785138522297903988,True,5
1785138522317888396,True,5
1785138522337891119,True,5
1785138522357879143,True,5
1785138522377912574,True,5
1785138522397892704,True,5
1785138522417879306,True,5
1785138522437877590,True,5
1785138522457886975,True,5
1785138522477917951,True,5
1785138522497880417,True,5
1785138522517878742,True,5
1785138522537883398,True,5
1785138522557908513,True,5
1785138522577924490,True,5
1785138522597898138,True,5
1785138522617881814,True,5
1785138522637886621,True,5
1785138522657901927,True,5
1785138522677905862,True,5
1785138522697886112,True,5
1785138522717904584,True,5
1785138522737904993,True,5
1785138522757887297,True,5
1785138522777924745,True,5
1785138522797880729,True,5
1785138522817880957,True,5
1785138522837883128,True,5
1785138522857881182,True,5
1785138522877918941,True,5
1785138522897892889,True,5
1785138522917885292,True,5
1785138522937869840,True,5
1785138522957922738,True,5
1785138522977918778,True,5
1785138522997910900,True,5
1785138523017897943,True,5
1785138523037899423,True,5
1785138523057902596,True,5
1785138523077930115,True,5
1785138523097902911,True,5
1785138523117891306,True,5
1785138523137950806,True,5
1785138523157934592,True,5
1785138523177926765,True,5
1785138523197901264,True,5
1785138523217891863,True,5
1785138523237897211,True,5
1785138523257891096,True,5
1785138523277920609,True,5
1785138523297887283,True,5
1785138523317887260,True,5
1785138523337883611,True,5
1785138523357893216,True,5
1785138523377937447,True,5
1785138523397889443,True,5
1785138523417891535,True,5
1785138523437895099,True,5
1785138523457912338,True,5
1785138523477964785,True,5
1785138523497911401,True,5
1785138523517901630,True,5
1785138523537905264,True,5
1785138523557926151,True,5
1785138523577949953,True,5
1785138523597914753,True,5
1785138523617899742,True,5
1785138523637912634,True,5
1785138523657917631,True,5
1785138523677957774,True,5
1785138523697905051,True,5
1785138523717899588,True,5
1785138523737901358,True,5
1785138523757919520,True,5
1785138523777985703,True,5
1785138523797902893,True,5
1785138523817903201,True,5
1785138523837902737,True,5
1785138523857904768,True,5
1785138523877939241,True,5
1785138523897905514,True,5
1785138523917907796,True,5
1785138523937908334,True,5
1785138523957919352,True,5
1785138523977944617,True,5
1785138523997920218,True,5
1785138524017917630,True,5
1785138524037913179,True,5
1785138524057920910,True,5
1785138524077947017,True,5
1785138524097912028,True,5
1785138524117915681,True,5
1785138524137922592,True,5
1785138524157925975,True,5
1785138524177957672,True,5
1785138524197912002,True,5
1785138524217930084,True,5
1785138524237927305,True,5
1785138524257929998,True,5
1785138524277951005,True,5
1785138524297912759,True,5
1785138524317911614,True,5
1785138524337929535,True,5
1785138524357900347,True,5
1785138524377938265,True,5
1785138524397920579,True,5
1785138524417909886,True,5
1785138524437901126,True,5
1785138524457920630,True,5
1785138524477972004,True,5
1785138524497917659,True,5
1785138524517913848,True,5
1785138524537909768,True,5
1785138524557932217,True,5
1785138524577957632,True,5
1785138524597936359,True,5
1785138524617926808,True,5
1785138524637926685,True,5
1785138524657951188,True,5
1785138524677975632,True,5
1785138524697938047,True,5
1785138524717929077,True,5
1785138524737910439,True,5
1785138524757919163,True,5
1785138524777992038,True,5
1785138524797920088,True,5
1785138524817922520,True,5
1785138524837932616,True,5
1785138524857924337,True,5
1785138524877953600,True,5
1785138524897910275,True,5
1785138524917912917,True,5
1785138524937917062,True,5
1785138524957940794,True,5
1785138524977976899,True,5
1785138524997926280,True,5
1785138525017922680,True,5
1785138525037912037,True,5
1785138525057959023,True,5
1785138525077977074,True,5
1785138525097925162,True,5
1785138525117947732,True,5
1785138525137927741,True,5
1785138525157954008,True,5
1785138525177972369,True,5
1785138525197944393,True,5
1785138525217940362,True,5
1785138525237913578,True,5
1785138525257927131,True,5
1785138525277963346,True,5
1785138525297922015,True,5
1785138525317926119,True,5
1785138525337925776,True,5
1785138525357959987,True,5
1785138525377962679,True,5
1785138525397948128,True,5
1785138525417933998,True,5
1785138525437916272,True,5
1785138525457934513,True,5
1785138525477962142,True,5
1785138525497925900,True,5
1785138525517921279,True,5
1785138525537923399,True,5
1785138525557928436,True,5
1785138525577972406,True,5
1785138525597942686,True,5
1785138525617935480,True,5
1785138525637940135,True,5
1785138525657943889,True,5
1785138525677954175,True,5
1785138525697933483,True,5
1785138525717954890,True,5
1785138525737936923,True,5
1785138525757950937,True,5
1785138525778012049,True,5
1785138525797954447,True,5
1785138525817937742,True,5
1785138525837931357,True,5
1785138525857959567,True,5
1785138525877963071,True,5
1785138525897931307,True,5
1785138525917928278,True,5
1785138525937934748,True,5
1785138525957964851,True,5
1785138525977995616,True,5
1785138525997953443,True,5
1785138526017939444,True,5
1785138526037952275,True,5
1785138526057939477,True,5
1785138526077997113,True,5
1785138526097938428,True,5
1785138526117942002,True,5
1785138526137951707,True,5
1785138526157946203,True,5
1785138526177970636,True,5
1785138526197953710,True,5
1785138526217944229,True,5
1785138526237945047,True,5
1785138526257946707,True,5
1785138526277981520,True,5
1785138526297943915,True,5
1785138526317965192,True,5
1785138526337937586,True,5
1785138526357956990,True,5
1785138526378001741,True,5
1785138526397981399,True,5
1785138526417950427,True,5
1785138526437944573,True,5
1785138526457937967,True,5
1785138526477975495,True,5
1785138526497955644,True,5
1785138526517951312,True,5
1785138526537954104,True,5
1785138526557946536,True,5
1785138526577992941,True,5
1785138526597941630,True,5
1785138526617947518,True,5
1785138526637956021,True,5
1785138526657965315,True,5
1785138526677986161,True,5
1785138526697972923,True,5
1785138526717947121,True,5
1785138526737941657,True,5
1785138526757952334,True,5
1785138526778005802,True,5
1785138526797981773,True,5
1785138526817973855,True,5
1785138526837952912,True,5
1785138526857948340,True,5
1785138526877991267,True,5
1785138526897960035,True,5
1785138526917946516,True,5
1785138526937949809,True,5
1785138526958001934,True,5
1785138526977996481,True,5
1785138526997972933,True,5
1785138527017968831,True,5
1785138527037956364,True,5
1785138527057967402,True,5
1785138527078003777,True,5
1785138527097963637,True,5
1785138527117961770,True,5
1785138527137961827,True,5
1785138527157970740,True,5
1785138527178014209,True,5
1785138527197968870,True,5
1785138527217956984,True,5
1785138527237964384,True,5
1785138527257975051,True,5
1785138527277999403,True,5
1785138527297961548,True,5
1785138527317960913,True,5
1785138527337963054,True,5
1785138527357951909,True,5
1785138527377994877,True,5
1785138527397989403,True,5
1785138527417957599,True,5
1785138527437969498,True,5
1785138527457954587,True,5
1785138527477981624,True,5
1785138527497965370,True,5
1785138527517956129,True,5
