bag_time_ns,average_speed,duration,gain_multiplier,header_frame_id,header_stamp_nanosec,header_stamp_sec,mission_id,motion_style,omega_c_x,omega_c_y,omega_c_z,omega_o_x,omega_o_y,omega_o_z,peak_acceleration,peak_velocity,settling_time,target_distance,tracking_rmse,uav_id
1785206862146757775,2.5776634216308594,3.0,1.0,world,146702308,1785206862,1601740273,normal,3.0,3.0,3.5,10.0,10.0,15.0,1.3512253761291504,0.19097693264484406,nan,7.732990264892578,0.0032014630269259214,1
1785206862246744880,2.5776634216308594,3.0,1.0,world,246689233,1785206862,1601740273,normal,3.0,3.0,3.5,10.0,10.0,15.0,3.3553950786590576,0.19097693264484406,nan,7.732990264892578,0.00825725868344307,1
1785206862346757133,2.5776634216308594,3.0,1.0,world,346706566,1785206862,1601740273,normal,3.0,3.0,3.5,10.0,10.0,15.0,3.8489279747009277,0.34275487065315247,nan,7.732990264892578,0.018983256071805954,1
1785206862446754378,2.5776634216308594,3.0,1.0,world,446715222,1785206862,1601740273,normal,3.0,3.0,3.5,10.0,10.0,15.0,3.8489279747009277,0.39012688398361206,nan,7.732990264892578,0.03575940430164337,1
1785206862546741713,2.5776634216308594,3.0,1.0,world,546712968,1785206862,1601740273,normal,3.0,3.0,3.5,10.0,10.0,15.0,6.8806562423706055,0.7985644340515137,nan,7.732990264892578,0.055554669350385666,1
1785206862646771490,2.5776634216308594,3.0,1.0,world,646716264,1785206862,1601740273,normal,3.0,3.0,3.5,10.0,10.0,15.0,8.834380149841309,1.4697456359863281,nan,7.732990264892578,0.0793701708316803,1
1785206862746741933,2.5776634216308594,3.0,1.0,world,746709921,1785206862,1601740273,normal,3.0,3.0,3.5,10.0,10.0,15.0,8.834380149841309,1.9706124067306519,nan,7.732990264892578,0.10550220310688019,1
1785206862846758274,2.5776634216308594,3.0,1.0,world,846711625,1785206862,1601740273,normal,3.0,3.0,3.5,10.0,10.0,15.0,8.834380149841309,2.031498670578003,nan,7.732990264892578,0.13529321551322937,1
1785206862946753445,2.5776634216308594,3.0,1.0,world,946717325,1785206862,1601740273,normal,3.0,3.0,3.5,10.0,10.0,15.0,8.834380149841309,2.238642930984497,nan,7.732990264892578,0.17271988093852997,1
1785206863046774510,2.5776634216308594,3.0,1.0,world,46739212,1785206863,1601740273,normal,3.0,3.0,3.5,10.0,10.0,15.0,8.834380149841309,2.486030340194702,nan,7.732990264892578,0.22002191841602325,1
1785206863146760612,2.5776634216308594,3.0,1.0,world,146726036,1785206863,1601740273,normal,3.0,3.0,3.5,10.0,10.0,15.0,8.834380149841309,2.652432441711426,nan,7.732990264892578,0.27503451704978943,1
1785206863246775209,2.5776634216308594,3.0,1.0,world,246743899,1785206863,1601740273,normal,3.0,3.0,3.5,10.0,10.0,15.0,8.834380149841309,2.7475104331970215,nan,7.732990264892578,0.3387542963027954,1
1785206863346779426,2.5776634216308594,3.0,1.0,world,346755029,1785206863,1601740273,normal,3.0,3.0,3.5,10.0,10.0,15.0,8.834380149841309,2.829205274581909,nan,7.732990264892578,0.41020798683166504,1
1785206863446794795,2.5776634216308594,3.0,1.0,world,446760729,1785206863,1601740273,normal,3.0,3.0,3.5,10.0,10.0,15.0,8.834380149841309,2.9079456329345703,nan,7.732990264892578,0.4892854392528534,1
1785206863546803220,2.5776634216308594,3.0,1.0,world,546764515,1785206863,1601740273,normal,3.0,3.0,3.5,10.0,10.0,15.0,8.834380149841309,2.996832847595215,nan,7.732990264892578,0.5728825926780701,1
1785206863646828878,2.5776634216308594,3.0,1.0,world,646789913,1785206863,1601740273,normal,3.0,3.0,3.5,10.0,10.0,15.0,8.834380149841309,3.079688310623169,nan,7.732990264892578,0.6597750186920166,1
1785206863746797166,2.5776634216308594,3.0,1.0,world,746758682,1785206863,1601740273,normal,3.0,3.0,3.5,10.0,10.0,15.0,8.834380149841309,3.1686995029449463,nan,7.732990264892578,0.7476474046707153,1
1785206863846851860,2.5776634216308594,3.0,1.0,world,846802835,1785206863,1601740273,normal,3.0,3.0,3.5,10.0,10.0,15.0,8.834380149841309,3.2659645080566406,nan,7.732990264892578,0.8331615924835205,1
1785206863946821681,2.5776634216308594,3.0,1.0,world,946805399,1785206863,1601740273,normal,3.0,3.0,3.5,10.0,10.0,15.0,8.834380149841309,3.3589322566986084,nan,7.732990264892578,0.9131988883018494,1
1785206864046845370,2.5776634216308594,3.0,1.0,world,46810763,1785206864,1601740273,normal,3.0,3.0,3.5,10.0,10.0,15.0,8.834380149841309,3.428222417831421,nan,7.732990264892578,0.9863011240959167,1
1785206864146843564,2.5776634216308594,3.0,1.0,world,146799890,1785206864,1601740273,normal,3.0,3.0,3.5,10.0,10.0,15.0,8.834380149841309,3.4830520153045654,nan,7.732990264892578,1.0502287149429321,1
1785206864246834535,2.5776634216308594,3.0,1.0,world,246794989,1785206864,1601740273,normal,3.0,3.0,3.5,10.0,10.0,15.0,8.834380149841309,3.516962766647339,nan,7.732990264892578,1.1040232181549072,1
1785206864346836957,2.5776634216308594,3.0,1.0,world,346796770,1785206864,1601740273,normal,3.0,3.0,3.5,10.0,10.0,15.0,8.834380149841309,3.5298242568969727,nan,7.732990264892578,1.1454102993011475,1
1785206864446841574,2.5776634216308594,3.0,1.0,world,446812268,1785206864,1601740273,normal,3.0,3.0,3.5,10.0,10.0,15.0,8.834380149841309,3.5298242568969727,nan,7.732990264892578,1.1749370098114014,1
1785206864546836923,2.5776634216308594,3.0,1.0,world,546799030,1785206864,1601740273,normal,3.0,3.0,3.5,10.0,10.0,15.0,8.834380149841309,3.5298242568969727,nan,7.732990264892578,1.1920162439346313,1
1785206864646841640,2.5776634216308594,3.0,1.0,world,646822453,1785206864,1601740273,normal,3.0,3.0,3.5,10.0,10.0,15.0,8.834380149841309,3.5298242568969727,nan,7.732990264892578,1.198243498802185,1
1785206864746851026,2.5776634216308594,3.0,1.0,world,746816590,1785206864,1601740273,normal,3.0,3.0,3.5,10.0,10.0,15.0,8.834380149841309,3.5298242568969727,nan,7.732990264892578,1.1944315433502197,1
1785206864846872555,2.5776634216308594,3.0,1.0,world,846845052,1785206864,1601740273,normal,3.0,3.0,3.5,10.0,10.0,15.0,8.834380149841309,3.5298242568969727,nan,7.732990264892578,1.1835423707962036,1
1785206864946858466,2.5776634216308594,3.0,1.0,world,946823960,1785206864,1601740273,normal,3.0,3.0,3.5,10.0,10.0,15.0,8.834380149841309,3.5298242568969727,nan,7.732990264892578,1.168458104133606,1
1785206865046880221,2.5776634216308594,3.0,1.0,world,46829333,1785206865,1601740273,normal,3.0,3.0,3.5,10.0,10.0,15.0,12.215137481689453,3.5298242568969727,nan,7.732990264892578,1.1515657901763916,1
1785206865146885227,2.5776634216308594,3.0,1.0,world,146846753,1785206865,1601740273,normal,3.0,3.0,3.5,10.0,10.0,15.0,12.215137481689453,3.5298242568969727,nan,7.732990264892578,1.1338497400283813,1
1785206865246883852,2.5776634216308594,3.0,1.0,world,246847241,1785206865,1601740273,normal,3.0,3.0,3.5,10.0,10.0,15.0,12.215137481689453,3.5298242568969727,3.1531906127929688,7.732990264892578,1.1163580417633057,1
1785206865346917754,2.5776634216308594,3.0,1.0,world,346857237,1785206865,1601740273,normal,3.0,3.0,3.5,10.0,10.0,15.0,12.215137481689453,3.5298242568969727,3.1531906127929688,7.732990264892578,1.0995306968688965,1
1785206865446920235,2.5776634216308594,3.0,1.0,world,446859258,1785206865,1601740273,normal,3.0,3.0,3.5,10.0,10.0,15.0,12.215137481689453,3.5298242568969727,3.1531906127929688,7.732990264892578,1.0834277868270874,1
1785206865546893781,2.5776634216308594,3.0,1.0,world,546867862,1785206865,1601740273,normal,3.0,3.0,3.5,10.0,10.0,15.0,12.215137481689453,3.5298242568969727,3.1531906127929688,7.732990264892578,1.0679632425308228,1
1785206865646911212,2.5776634216308594,3.0,1.0,world,646875864,1785206865,1601740273,normal,3.0,3.0,3.5,10.0,10.0,15.0,12.215137481689453,3.5298242568969727,3.1531906127929688,7.732990264892578,1.0532779693603516,1
1785206865746905959,2.5776634216308594,3.0,1.0,world,746866643,1785206865,1601740273,normal,3.0,3.0,3.5,10.0,10.0,15.0,12.215137481689453,3.5298242568969727,3.1531906127929688,7.732990264892578,1.039179801940918,1
1785206865846909583,2.5776634216308594,3.0,1.0,world,846882901,1785206865,1601740273,normal,3.0,3.0,3.5,10.0,10.0,15.0,12.215137481689453,3.5298242568969727,3.1531906127929688,7.732990264892578,1.0255059003829956,1
1785206865946911864,2.5776634216308594,3.0,1.0,world,946885804,1785206865,1601740273,normal,3.0,3.0,3.5,10.0,10.0,15.0,12.215137481689453,3.5298242568969727,3.1531906127929688,7.732990264892578,1.0123435258865356,1
1785206866046935211,2.5776634216308594,3.0,1.0,world,46890444,1785206866,1601740273,normal,3.0,3.0,3.5,10.0,10.0,15.0,12.215137481689453,3.5298242568969727,3.1531906127929688,7.732990264892578,0.9997707605361938,1
1785206866146955636,2.5776634216308594,3.0,1.0,world,146908435,1785206866,1601740273,normal,3.0,3.0,3.5,10.0,10.0,15.0,12.215137481689453,3.5298242568969727,3.1531906127929688,7.732990264892578,0.9876496195793152,1
1785206866246977243,2.5776634216308594,3.0,1.0,world,246907018,1785206866,1601740273,normal,3.0,3.0,3.5,10.0,10.0,15.0,12.215137481689453,3.5298242568969727,3.1531906127929688,7.732990264892578,0.9759113192558289,1
1785206866346970977,2.5776634216308594,3.0,1.0,world,346909519,1785206866,1601740273,normal,3.0,3.0,3.5,10.0,10.0,15.0,12.215137481689453,3.5298242568969727,3.1531906127929688,7.732990264892578,0.9645662307739258,1
1785206866447007664,2.5776634216308594,3.0,1.0,world,446939152,1785206866,1601740273,normal,3.0,3.0,3.5,10.0,10.0,15.0,12.215137481689453,3.5298242568969727,3.1531906127929688,7.732990264892578,0.9535826444625854,1
1785206866546975769,2.5776634216308594,3.0,1.0,world,546928458,1785206866,1601740273,normal,3.0,3.0,3.5,10.0,10.0,15.0,12.215137481689453,3.5298242568969727,3.1531906127929688,7.732990264892578,0.9429636597633362,1
1785206866646980534,2.5776634216308594,3.0,1.0,world,646923965,1785206866,1601740273,normal,3.0,3.0,3.5,10.0,10.0,15.0,12.215137481689453,3.5298242568969727,3.1531906127929688,7.732990264892578,0.9327417016029358,1
1785206866746982183,2.5776634216308594,3.0,1.0,world,746930974,1785206866,1601740273,normal,3.0,3.0,3.5,10.0,10.0,15.0,12.215137481689453,3.5298242568969727,3.1531906127929688,7.732990264892578,0.9228503704071045,1
1785206866846990715,2.5776634216308594,3.0,1.0,world,846926462,1785206866,1601740273,normal,3.0,3.0,3.5,10.0,10.0,15.0,12.215137481689453,3.5298242568969727,3.1531906127929688,7.732990264892578,0.9132237434387207,1
1785206866946992996,2.5776634216308594,3.0,1.0,world,946933852,1785206866,1601740273,normal,3.0,3.0,3.5,10.0,10.0,15.0,12.215137481689453,3.5298242568969727,3.1531906127929688,7.732990264892578,0.903872013092041,1
1785206867047018235,2.5776634216308594,3.0,1.0,world,46952629,1785206867,1601740273,normal,3.0,3.0,3.5,10.0,10.0,15.0,12.215137481689453,3.5298242568969727,3.1531906127929688,7.732990264892578,0.8948485851287842,1
1785206867147024072,2.5776634216308594,3.0,1.0,world,146954257,1785206867,1601740273,normal,3.0,3.0,3.5,10.0,10.0,15.0,12.215137481689453,3.5298242568969727,3.1531906127929688,7.732990264892578,0.8861169815063477,1
1785206867246998327,2.5776634216308594,3.0,1.0,world,246942480,1785206867,1601740273,normal,3.0,3.0,3.5,10.0,10.0,15.0,12.215137481689453,3.5298242568969727,3.1531906127929688,7.732990264892578,0.8776050806045532,1
1785206867347002210,2.5776634216308594,3.0,1.0,world,346950170,1785206867,1601740273,normal,3.0,3.0,3.5,10.0,10.0,15.0,12.215137481689453,3.5298242568969727,3.1531906127929688,7.732990264892578,0.8692953586578369,1
1785206867447010230,2.5776634216308594,3.0,1.0,world,446967668,1785206867,1601740273,normal,3.0,3.0,3.5,10.0,10.0,15.0,12.215137481689453,3.5298242568969727,3.1531906127929688,7.732990264892578,0.8612256646156311,1
1785206867547016257,2.5776634216308594,3.0,1.0,world,546971100,1785206867,1601740273,normal,3.0,3.0,3.5,10.0,10.0,15.0,12.215137481689453,3.5298242568969727,3.1531906127929688,7.732990264892578,0.8533850908279419,1
1785206867647024748,2.5776634216308594,3.0,1.0,world,646976505,1785206867,1601740273,normal,3.0,3.0,3.5,10.0,10.0,15.0,12.215137481689453,3.5298242568969727,3.1531906127929688,7.732990264892578,0.8457629084587097,1
1785206867747008993,2.5776634216308594,3.0,1.0,world,746969838,1785206867,1601740273,normal,3.0,3.0,3.5,10.0,10.0,15.0,12.215137481689453,3.5298242568969727,3.1531906127929688,7.732990264892578,0.8383206725120544,1
1785206867847038014,2.5776634216308594,3.0,1.0,world,846987056,1785206867,1601740273,normal,3.0,3.0,3.5,10.0,10.0,15.0,12.215137481689453,3.5298242568969727,3.1531906127929688,7.732990264892578,0.8310748338699341,1
1785206867947037999,2.5776634216308594,3.0,1.0,world,946990458,1785206867,1601740273,normal,3.0,3.0,3.5,10.0,10.0,15.0,12.215137481689453,3.5298242568969727,3.1531906127929688,7.732990264892578,0.8240166306495667,1
1785206868047058148,2.5776634216308594,3.0,1.0,world,47010666,1785206868,1601740273,normal,3.0,3.0,3.5,10.0,10.0,15.0,12.215137481689453,3.5298242568969727,3.1531906127929688,7.732990264892578,0.81715327501297,1
1785206868147036821,2.5776634216308594,3.0,1.0,world,147001112,1785206868,1601740273,normal,3.0,3.0,3.5,10.0,10.0,15.0,12.215137481689453,3.5298242568969727,3.1531906127929688,7.732990264892578,0.810441255569458,1
1785206868247054629,2.5776634216308594,3.0,1.0,world,247004022,1785206868,1601740273,normal,3.0,3.0,3.5,10.0,10.0,15.0,12.215137481689453,3.5298242568969727,3.1531906127929688,7.732990264892578,0.8038879036903381,1
1785206868347100392,2.5776634216308594,3.0,1.0,world,347038903,1785206868,1601740273,normal,3.0,3.0,3.5,10.0,10.0,15.0,12.215137481689453,3.5298242568969727,3.1531906127929688,7.732990264892578,0.7974886298179626,1
1785206868447055359,2.5776634216308594,3.0,1.0,world,446997127,1785206868,1601740273,normal,3.0,3.0,3.5,10.0,10.0,15.0,12.215137481689453,3.5298242568969727,3.1531906127929688,7.732990264892578,0.7912594676017761,1
1785206868547054391,2.5776634216308594,3.0,1.0,world,547011409,1785206868,1601740273,normal,3.0,3.0,3.5,10.0,10.0,15.0,12.215137481689453,3.5298242568969727,3.1531906127929688,7.732990264892578,0.7851643562316895,1
1785206868647079544,2.5776634216308594,3.0,1.0,world,647048073,1785206868,1601740273,normal,3.0,3.0,3.5,10.0,10.0,15.0,12.215137481689453,3.5298242568969727,3.1531906127929688,7.732990264892578,0.779202938079834,1
1785206868747092613,2.5776634216308594,3.0,1.0,world,747033770,1785206868,1601740273,normal,3.0,3.0,3.5,10.0,10.0,15.0,12.215137481689453,3.5298242568969727,3.1531906127929688,7.732990264892578,0.7733700275421143,1
1785206868847092678,2.5776634216308594,3.0,1.0,world,847061247,1785206868,1601740273,normal,3.0,3.0,3.5,10.0,10.0,15.0,12.215137481689453,3.5298242568969727,3.1531906127929688,7.732990264892578,0.7676916122436523,1
1785206868947072373,2.5776634216308594,3.0,1.0,world,947045231,1785206868,1601740273,normal,3.0,3.0,3.5,10.0,10.0,15.0,12.215137481689453,3.5298242568969727,3.1531906127929688,7.732990264892578,0.7621299624443054,1
1785206869047116758,2.5776634216308594,3.0,1.0,world,47050440,1785206869,1601740273,normal,3.0,3.0,3.5,10.0,10.0,15.0,12.215137481689453,3.5298242568969727,3.1531906127929688,7.732990264892578,0.7566824555397034,1
1785206869147117953,2.5776634216308594,3.0,1.0,world,147071654,1785206869,1601740273,normal,3.0,3.0,3.5,10.0,10.0,15.0,12.215137481689453,3.5298242568969727,3.1531906127929688,7.732990264892578,0.7513426542282104,1
1785206869247133176,2.5776634216308594,3.0,1.0,world,247065866,1785206869,1601740273,normal,3.0,3.0,3.5,10.0,10.0,15.0,12.215137481689453,3.5298242568969727,3.1531906127929688,7.732990264892578,0.7461206912994385,1
1785206869347124042,2.5776634216308594,3.0,1.0,world,347082672,1785206869,1601740273,normal,3.0,3.0,3.5,10.0,10.0,15.0,12.215137481689453,3.5298242568969727,3.1531906127929688,7.732990264892578,0.7410107254981995,1
1785206869447121961,2.5776634216308594,3.0,1.0,world,447052688,1785206869,1601740273,normal,3.0,3.0,3.5,10.0,10.0,15.0,12.215137481689453,3.5298242568969727,3.1531906127929688,7.732990264892578,0.7360215783119202,1
1785206869547119780,2.5776634216308594,3.0,1.0,world,547073611,1785206869,1601740273,normal,3.0,3.0,3.5,10.0,10.0,15.0,12.215137481689453,3.5298242568969727,3.1531906127929688,7.732990264892578,0.7311195731163025,1
1785206869647114643,2.5776634216308594,3.0,1.0,world,647060199,1785206869,1601740273,normal,3.0,3.0,3.5,10.0,10.0,15.0,12.215137481689453,3.5298242568969727,3.1531906127929688,7.732990264892578,0.726299524307251,1
1785206869747148292,2.5776634216308594,3.0,1.0,world,747102083,1785206869,1601740273,normal,3.0,3.0,3.5,10.0,10.0,15.0,12.215137481689453,3.5298242568969727,3.1531906127929688,7.732990264892578,0.721583902835846,1
1785206869847136693,2.5776634216308594,3.0,1.0,world,847091636,1785206869,1601740273,normal,3.0,3.0,3.5,10.0,10.0,15.0,12.215137481689453,3.5298242568969727,3.1531906127929688,7.732990264892578,0.7169965505599976,1
1785206869947143940,2.5776634216308594,3.0,1.0,world,947089836,1785206869,1601740273,normal,3.0,3.0,3.5,10.0,10.0,15.0,12.215137481689453,3.5298242568969727,3.1531906127929688,7.732990264892578,0.7124833464622498,1
1785206870085779665,2.5776634216308594,3.0,1.0,world,85743776,1785206870,1601740273,normal,3.0,3.0,3.5,10.0,10.0,15.0,12.215137481689453,3.5298242568969727,3.1531906127929688,7.732990264892578,0.7080261707305908,1
1785206870147195870,2.5776634216308594,3.0,1.0,world,147150203,1785206870,1601740273,normal,3.0,3.0,3.5,10.0,10.0,15.0,12.215137481689453,3.5298242568969727,3.1531906127929688,7.732990264892578,0.7036545872688293,1
1785206870247186675,2.5776634216308594,3.0,1.0,world,247120307,1785206870,1601740273,normal,3.0,3.0,3.5,10.0,10.0,15.0,12.215137481689453,3.5298242568969727,3.1531906127929688,7.732990264892578,0.6994104385375977,1
1785206870347161189,2.5776634216308594,3.0,1.0,world,347105912,1785206870,1601740273,normal,3.0,3.0,3.5,10.0,10.0,15.0,12.215137481689453,3.5298242568969727,3.1531906127929688,7.732990264892578,0.6952396035194397,1
1785206870447213091,2.5776634216308594,3.0,1.0,world,447132125,1785206870,1601740273,normal,3.0,3.0,3.5,10.0,10.0,15.0,12.215137481689453,3.5298242568969727,3.1531906127929688,7.732990264892578,0.6911084055900574,1
1785206870547200700,2.5776634216308594,3.0,1.0,world,547130655,1785206870,1601740273,normal,3.0,3.0,3.5,10.0,10.0,15.0,12.215137481689453,3.5298242568969727,3.1531906127929688,7.732990264892578,0.6870368123054504,1
1785206870647199520,2.5776634216308594,3.0,1.0,world,647136148,1785206870,1601740273,normal,3.0,3.0,3.5,10.0,10.0,15.0,12.215137481689453,3.5298242568969727,3.1531906127929688,7.732990264892578,0.6830621361732483,1
1785206870747191397,2.5776634216308594,3.0,1.0,world,747134026,1785206870,1601740273,normal,3.0,3.0,3.5,10.0,10.0,15.0,12.215137481689453,3.5298242568969727,3.1531906127929688,7.732990264892578,0.6791626214981079,1
1785206870847184216,2.5776634216308594,3.0,1.0,world,847134400,1785206870,1601740273,normal,3.0,3.0,3.5,10.0,10.0,15.0,12.215137481689453,3.5298242568969727,3.1531906127929688,7.732990264892578,0.6753204464912415,1
1785206870947180381,2.5776634216308594,3.0,1.0,world,947136676,1785206870,1601740273,normal,3.0,3.0,3.5,10.0,10.0,15.0,12.215137481689453,3.5298242568969727,3.1531906127929688,7.732990264892578,0.671525239944458,1
1785206871047182823,2.5776634216308594,3.0,1.0,world,47147444,1785206871,1601740273,normal,3.0,3.0,3.5,10.0,10.0,15.0,12.215137481689453,3.5298242568969727,3.1531906127929688,7.732990264892578,0.667799711227417,1
1785206871147188936,2.5776634216308594,3.0,1.0,world,147146615,1785206871,1601740273,normal,3.0,3.0,3.5,10.0,10.0,15.0,12.215137481689453,3.5298242568969727,3.1531906127929688,7.732990264892578,0.6641358733177185,1
1785206871247210890,2.5776634216308594,3.0,1.0,world,247162166,1785206871,1601740273,normal,3.0,3.0,3.5,10.0,10.0,15.0,12.215137481689453,3.5298242568969727,3.1531906127929688,7.732990264892578,0.6605325937271118,1
1785206871347215671,2.5776634216308594,3.0,1.0,world,347163430,1785206871,1601740273,normal,3.0,3.0,3.5,10.0,10.0,15.0,12.215137481689453,3.5298242568969727,3.1531906127929688,7.732990264892578,0.6569805145263672,1
1785206871447220392,2.5776634216308594,3.0,1.0,world,447192087,1785206871,1601740273,normal,3.0,3.0,3.5,10.0,10.0,15.0,12.215137481689453,3.5298242568969727,3.1531906127929688,7.732990264892578,0.6534974575042725,1
1785206871547223219,2.5776634216308594,3.0,1.0,world,547175868,1785206871,1601740273,normal,3.0,3.0,3.5,10.0,10.0,15.0,12.215137481689453,3.5298242568969727,3.1531906127929688,7.732990264892578,0.6500678658485413,1
1785206871647209865,2.5776634216308594,3.0,1.0,world,647178715,1785206871,1601740273,normal,3.0,3.0,3.5,10.0,10.0,15.0,12.215137481689453,3.5298242568969727,3.1531906127929688,7.732990264892578,0.6466898918151855,1
1785206871747224935,2.5776634216308594,3.0,1.0,world,747201009,1785206871,1601740273,normal,3.0,3.0,3.5,10.0,10.0,15.0,12.215137481689453,3.5298242568969727,3.1531906127929688,7.732990264892578,0.6433562636375427,1
1785206871847204227,2.5776634216308594,3.0,1.0,world,847187906,1785206871,1601740273,normal,3.0,3.0,3.5,10.0,10.0,15.0,12.215137481689453,3.5298242568969727,3.1531906127929688,7.732990264892578,0.6400888562202454,1
1785206871947214959,2.5776634216308594,3.0,1.0,world,947188879,1785206871,1601740273,normal,3.0,3.0,3.5,10.0,10.0,15.0,12.215137481689453,3.5298242568969727,3.1531906127929688,7.732990264892578,0.6368696689605713,1
1785206872047233823,2.5776634216308594,3.0,1.0,world,47193615,1785206872,1601740273,normal,3.0,3.0,3.5,10.0,10.0,15.0,12.215137481689453,3.5298242568969727,3.1531906127929688,7.732990264892578,0.6336913704872131,1
1785206872147275824,2.5776634216308594,3.0,1.0,world,147203225,1785206872,1601740273,normal,3.0,3.0,3.5,10.0,10.0,15.0,12.215137481689453,3.5298242568969727,3.1531906127929688,7.732990264892578,0.6305513381958008,1
1785206872247281927,2.5776634216308594,3.0,1.0,world,247211020,1785206872,1601740273,normal,3.0,3.0,3.5,10.0,10.0,15.0,12.215137481689453,3.5298242568969727,3.1531906127929688,7.732990264892578,0.6274718046188354,1
1785206872347279142,2.5776634216308594,3.0,1.0,world,347208847,1785206872,1601740273,normal,3.0,3.0,3.5,10.0,10.0,15.0,12.215137481689453,3.5298242568969727,3.1531906127929688,7.732990264892578,0.6244338750839233,1
1785206872447289954,2.5776634216308594,3.0,1.0,world,447220180,1785206872,1601740273,normal,3.0,3.0,3.5,10.0,10.0,15.0,12.215137481689453,3.5298242568969727,3.1531906127929688,7.732990264892578,0.6214407086372375,1
1785206872547282951,2.5776634216308594,3.0,1.0,world,547222255,1785206872,1601740273,normal,3.0,3.0,3.5,10.0,10.0,15.0,12.215137481689453,3.5298242568969727,3.1531906127929688,7.732990264892578,0.6184810400009155,1
1785206872647283323,2.5776634216308594,3.0,1.0,world,647226634,1785206872,1601740273,normal,3.0,3.0,3.5,10.0,10.0,15.0,12.215137481689453,3.5298242568969727,3.1531906127929688,7.732990264892578,0.6155732274055481,1
1785206872747277893,2.5776634216308594,3.0,1.0,world,747229120,1785206872,1601740273,normal,3.0,3.0,3.5,10.0,10.0,15.0,12.215137481689453,3.5298242568969727,3.1531906127929688,7.732990264892578,0.6127083897590637,1
1785206872847266172,2.5776634216308594,3.0,1.0,world,847243618,1785206872,1601740273,normal,3.0,3.0,3.5,10.0,10.0,15.0,12.215137481689453,3.5298242568969727,3.1531906127929688,7.732990264892578,0.6098850965499878,1
1785206872947270862,2.5776634216308594,3.0,1.0,world,947239882,1785206872,1601740273,normal,3.0,3.0,3.5,10.0,10.0,15.0,12.215137481689453,3.5298242568969727,3.1531906127929688,7.732990264892578,0.6070867776870728,1
1785206873047281047,2.5776634216308594,3.0,1.0,world,47244416,1785206873,1601740273,normal,3.0,3.0,3.5,10.0,10.0,15.0,12.215137481689453,3.5298242568969727,3.1531906127929688,7.732990264892578,0.6043315529823303,1
1785206873147322317,2.5776634216308594,3.0,1.0,world,147270948,1785206873,1601740273,normal,3.0,3.0,3.5,10.0,10.0,15.0,12.215137481689453,3.5298242568969727,3.1531906127929688,7.732990264892578,0.6016148328781128,1
1785206873247305865,2.5776634216308594,3.0,1.0,world,247249767,1785206873,1601740273,normal,3.0,3.0,3.5,10.0,10.0,15.0,12.215137481689453,3.5298242568969727,3.1531906127929688,7.732990264892578,0.598945677280426,1
1785206873347298170,2.5776634216308594,3.0,1.0,world,347252131,1785206873,1601740273,normal,3.0,3.0,3.5,10.0,10.0,15.0,12.215137481689453,3.5298242568969727,3.1531906127929688,7.732990264892578,0.5962991714477539,1
1785206873447313390,2.5776634216308594,3.0,1.0,world,447255598,1785206873,1601740273,normal,3.0,3.0,3.5,10.0,10.0,15.0,12.215137481689453,3.5298242568969727,3.1531906127929688,7.732990264892578,0.593686044216156,1
1785206873547323048,2.5776634216308594,3.0,1.0,world,547266760,1785206873,1601740273,normal,3.0,3.0,3.5,10.0,10.0,15.0,12.215137481689453,3.5298242568969727,3.1531906127929688,7.732990264892578,0.5911044478416443,1
1785206873647303020,2.5776634216308594,3.0,1.0,world,647267832,1785206873,1601740273,normal,3.0,3.0,3.5,10.0,10.0,15.0,12.215137481689453,3.5298242568969727,3.1531906127929688,7.732990264892578,0.5885677933692932,1
1785206873747319251,2.5776634216308594,3.0,1.0,world,747286348,1785206873,1601740273,normal,3.0,3.0,3.5,10.0,10.0,15.0,12.215137481689453,3.5298242568969727,3.1531906127929688,7.732990264892578,0.5860583186149597,1
1785206873847314743,2.5776634216308594,3.0,1.0,world,847279164,1785206873,1601740273,normal,3.0,3.0,3.5,10.0,10.0,15.0,12.215137481689453,3.5298242568969727,3.1531906127929688,7.732990264892578,0.583581268787384,1
1785206873947348808,2.5776634216308594,3.0,1.0,world,947319552,1785206873,1601740273,normal,3.0,3.0,3.5,10.0,10.0,15.0,12.215137481689453,3.5298242568969727,3.1531906127929688,7.732990264892578,0.5811298489570618,1
1785206874047345337,2.5776634216308594,3.0,1.0,world,47290892,1785206874,1601740273,normal,3.0,3.0,3.5,10.0,10.0,15.0,12.215137481689453,3.5298242568969727,3.1531906127929688,7.732990264892578,0.578715443611145,1
1785206874147368160,2.5776634216308594,3.0,1.0,world,147311792,1785206874,1601740273,normal,3.0,3.0,3.5,10.0,10.0,15.0,12.215137481689453,3.5298242568969727,3.1531906127929688,7.732990264892578,0.5763306617736816,1
1785206874247398458,2.5776634216308594,3.0,1.0,world,247336609,1785206874,1601740273,normal,3.0,3.0,3.5,10.0,10.0,15.0,12.215137481689453,3.5298242568969727,3.1531906127929688,7.732990264892578,0.5739822387695312,1
1785206874347403557,2.5776634216308594,3.0,1.0,world,347341187,1785206874,1601740273,normal,3.0,3.0,3.5,10.0,10.0,15.0,12.215137481689453,3.5298242568969727,3.1531906127929688,7.732990264892578,0.5716570019721985,1
1785206874447372747,2.5776634216308594,3.0,1.0,world,447318813,1785206874,1601740273,normal,3.0,3.0,3.5,10.0,10.0,15.0,12.215137481689453,3.5298242568969727,3.1531906127929688,7.732990264892578,0.5693539381027222,1
1785206874547352397,2.5776634216308594,3.0,1.0,world,547316568,1785206874,1601740273,normal,3.0,3.0,3.5,10.0,10.0,15.0,12.215137481689453,3.5298242568969727,3.1531906127929688,7.732990264892578,0.5670784711837769,1
1785206874647375481,2.5776634216308594,3.0,1.0,world,647315716,1785206874,1601740273,normal,3.0,3.0,3.5,10.0,10.0,15.0,12.215137481689453,3.5298242568969727,3.1531906127929688,7.732990264892578,0.5648455619812012,1
1785206874747366172,2.5776634216308594,3.0,1.0,world,747319262,1785206874,1601740273,normal,3.0,3.0,3.5,10.0,10.0,15.0,12.215137481689453,3.5298242568969727,3.1531906127929688,7.732990264892578,0.56263667345047,1
1785206874847395919,2.5776634216308594,3.0,1.0,world,847368205,1785206874,1601740273,normal,3.0,3.0,3.5,10.0,10.0,15.0,12.215137481689453,3.5298242568969727,3.1531906127929688,7.732990264892578,0.5604429841041565,1
1785206874947354087,2.5776634216308594,3.0,1.0,world,947330412,1785206874,1601740273,normal,3.0,3.0,3.5,10.0,10.0,15.0,12.215137481689453,3.5298242568969727,3.1531906127929688,7.732990264892578,0.5582695603370667,1
1785206875047376615,2.5776634216308594,3.0,1.0,world,47333883,1785206875,1601740273,normal,3.0,3.0,3.5,10.0,10.0,15.0,12.215137481689453,3.5298242568969727,3.1531906127929688,7.732990264892578,0.5561361312866211,1
1785206875147379559,2.5776634216308594,3.0,1.0,world,147340274,1785206875,1601740273,normal,3.0,3.0,3.5,10.0,10.0,15.0,12.215137481689453,3.5298242568969727,3.1531906127929688,7.732990264892578,0.5540246367454529,1
1785206875247380951,2.5776634216308594,3.0,1.0,world,247357776,1785206875,1601740273,normal,3.0,3.0,3.5,10.0,10.0,15.0,12.215137481689453,3.5298242568969727,3.1531906127929688,7.732990264892578,0.5519380569458008,1
1785206875347401940,2.5776634216308594,3.0,1.0,world,347368485,1785206875,1601740273,normal,3.0,3.0,3.5,10.0,10.0,15.0,12.215137481689453,3.5298242568969727,3.1531906127929688,7.732990264892578,0.5498645305633545,1
1785206875447438980,2.5776634216308594,3.0,1.0,world,447398432,1785206875,1601740273,normal,3.0,3.0,3.5,10.0,10.0,15.0,12.215137481689453,3.5298242568969727,3.1531906127929688,7.732990264892578,0.5478228330612183,1
1785206875547447765,2.5776634216308594,3.0,1.0,world,547377239,1785206875,1601740273,normal,3.0,3.0,3.5,10.0,10.0,15.0,12.215137481689453,3.5298242568969727,3.1531906127929688,7.732990264892578,0.545805037021637,1
1785206875647443606,2.5776634216308594,3.0,1.0,world,647389602,1785206875,1601740273,normal,3.0,3.0,3.5,10.0,10.0,15.0,12.215137481689453,3.5298242568969727,3.1531906127929688,7.732990264892578,0.5438099503517151,1
1785206875747444546,2.5776634216308594,3.0,1.0,world,747392867,1785206875,1601740273,normal,3.0,3.0,3.5,10.0,10.0,15.0,12.215137481689453,3.5298242568969727,3.1531906127929688,7.732990264892578,0.5418252944946289,1
1785206875847422843,2.5776634216308594,3.0,1.0,world,847376664,1785206875,1601740273,normal,3.0,3.0,3.5,10.0,10.0,15.0,12.215137481689453,3.5298242568969727,3.1531906127929688,7.732990264892578,0.5398669838905334,1
1785206875947593009,2.5776634216308594,3.0,1.0,world,947427891,1785206875,1601740273,normal,3.0,3.0,3.5,10.0,10.0,15.0,12.215137481689453,3.5298242568969727,3.1531906127929688,7.732990264892578,0.5379295349121094,1
1785206876047429758,2.5776634216308594,3.0,1.0,world,47386545,1785206876,1601740273,normal,3.0,3.0,3.5,10.0,10.0,15.0,12.215137481689453,3.5298242568969727,3.1531906127929688,7.732990264892578,0.5360269546508789,1
1785206876147454123,2.5776634216308594,3.0,1.0,world,147405600,1785206876,1601740273,normal,3.0,3.0,3.5,10.0,10.0,15.0,12.215137481689453,3.5298242568969727,3.1531906127929688,7.732990264892578,0.5341323614120483,1
1785206876247476334,2.5776634216308594,3.0,1.0,world,247426318,1785206876,1601740273,normal,3.0,3.0,3.5,10.0,10.0,15.0,12.215137481689453,3.5298242568969727,3.1531906127929688,7.732990264892578,0.5322535634040833,1
1785206876347440102,2.5776634216308594,3.0,1.0,world,347420234,1785206876,1601740273,normal,3.0,3.0,3.5,10.0,10.0,15.0,12.215137481689453,3.5298242568969727,3.1531906127929688,7.732990264892578,0.5303924083709717,1
1785206876447496719,2.5776634216308594,3.0,1.0,world,447439208,1785206876,1601740273,normal,3.0,3.0,3.5,10.0,10.0,15.0,12.215137481689453,3.5298242568969727,3.1531906127929688,7.732990264892578,0.5285624861717224,1
1785206876547497949,2.5776634216308594,3.0,1.0,world,547438605,1785206876,1601740273,normal,3.0,3.0,3.5,10.0,10.0,15.0,12.215137481689453,3.5298242568969727,3.1531906127929688,7.732990264892578,0.526747465133667,1
1785206876647526312,2.5776634216308594,3.0,1.0,world,647466166,1785206876,1601740273,normal,3.0,3.0,3.5,10.0,10.0,15.0,12.215137481689453,3.5298242568969727,3.1531906127929688,7.732990264892578,0.5249503254890442,1
1785206876747490821,2.5776634216308594,3.0,1.0,world,747441196,1785206876,1601740273,normal,3.0,3.0,3.5,10.0,10.0,15.0,12.215137481689453,3.5298242568969727,3.1531906127929688,7.732990264892578,0.5231664180755615,1
1785206876847469879,2.5776634216308594,3.0,1.0,world,847442646,1785206876,1601740273,normal,3.0,3.0,3.5,10.0,10.0,15.0,12.215137481689453,3.5298242568969727,3.1531906127929688,7.732990264892578,0.5214088559150696,1
1785206876947494193,2.5776634216308594,3.0,1.0,world,947454337,1785206876,1601740273,normal,3.0,3.0,3.5,10.0,10.0,15.0,12.215137481689453,3.5298242568969727,3.1531906127929688,7.732990264892578,0.5196689367294312,1
1785206877047527070,2.5776634216308594,3.0,1.0,world,47452226,1785206877,1601740273,normal,3.0,3.0,3.5,10.0,10.0,15.0,12.215137481689453,3.5298242568969727,3.1531906127929688,7.732990264892578,0.5179513096809387,1
1785206877147528510,2.5776634216308594,3.0,1.0,world,147454507,1785206877,1601740273,normal,3.0,3.0,3.5,10.0,10.0,15.0,12.215137481689453,3.5298242568969727,3.1531906127929688,7.732990264892578,0.5162433385848999,1
1785206877247526102,2.5776634216308594,3.0,1.0,world,247485384,1785206877,1601740273,normal,3.0,3.0,3.5,10.0,10.0,15.0,12.215137481689453,3.5298242568969727,3.1531906127929688,7.732990264892578,0.5145525336265564,1
