bag_time_ns,actual_pos_x,actual_pos_y,actual_pos_z,arrival_time_error,elapsed_time,final_position_error,header_frame_id,header_stamp_nanosec,header_stamp_sec,integrated_squared_jerk,integrated_squared_jerk_valid,is_finished,is_hover_stable,max_acceleration,max_acceleration_valid,max_jerk,max_jerk_valid,max_velocity,max_velocity_valid,motion_style,path_length,reference_acceleration_x,reference_acceleration_y,reference_acceleration_z,reference_jerk_x,reference_jerk_y,reference_jerk_z,reference_pos_x,reference_pos_y,reference_pos_z,reference_velocity_x,reference_velocity_y,reference_velocity_z,requested_duration,safety_factor,start_pos_x,start_pos_y,start_pos_z,target_pos_x,target_pos_y,target_pos_z,trajectory_duration,trajectory_profile,uav_id
1785125737160192769,-0.02107025496661663,5.985357976518571,-0.3643389344215393,nan,-1.9047926664352417,8.674826622009277,world,160150019,1785125737,nan,False,False,False,0.7223663926124573,True,nan,False,1.4447327852249146,True,normal,8.668396949768066,0.5653000370418346,0.0552660125495088,0.44631241261959076,0.0,0.0,0.0,-0.019668424502015114,5.985666839405894,-0.3557489514350891,0.0,0.0,0.0,8.0,0.0,-0.019668424502015114,5.985666839405894,-0.3557489514350891,6.76393202,6.64885899,5.0,8.0,trapezoidal,2
1785125737260187555,-0.02159048616886139,5.985639939084649,-0.36850014328956604,nan,-1.804778814315796,8.677785873413086,world,260156297,1785125737,nan,False,False,False,0.7223663926124573,True,nan,False,1.4447327852249146,True,normal,8.668396949768066,0.5653000370418346,0.0552660125495088,0.44631241261959076,0.0,0.0,0.0,-0.019668424502015114,5.985666839405894,-0.3557489514350891,0.0,0.0,0.0,8.0,0.0,-0.019668424502015114,5.985666839405894,-0.3557489514350891,6.76393202,6.64885899,5.0,8.0,trapezoidal,2
1785125737360200014,-0.021051594987511635,5.986574533395469,-0.3684996962547302,nan,-1.7047746181488037,8.677292823791504,world,360160911,1785125737,nan,False,False,False,0.7223663926124573,True,nan,False,1.4447327852249146,True,normal,8.668396949768066,0.5653000370418346,0.0552660125495088,0.44631241261959076,0.0,0.0,0.0,-0.019668424502015114,5.985666839405894,-0.3557489514350891,0.0,0.0,0.0,8.0,0.0,-0.019668424502015114,5.985666839405894,-0.3557489514350891,6.76393202,6.64885899,5.0,8.0,trapezoidal,2
1785125737460202184,-0.021643027663230896,5.986983539536595,-0.3733571469783783,nan,-1.6047923564910889,8.680729866027832,world,460152512,1785125737,nan,False,False,False,0.7223663926124573,True,nan,False,1.4447327852249146,True,normal,8.668396949768066,0.5653000370418346,0.0552660125495088,0.44631241261959076,0.0,0.0,0.0,-0.019668424502015114,5.985666839405894,-0.3557489514350891,0.0,0.0,0.0,8.0,0.0,-0.019668424502015114,5.985666839405894,-0.3557489514350891,6.76393202,6.64885899,5.0,8.0,trapezoidal,2
1785125737560178826,-0.023154042661190033,5.987131708301604,-0.38264796137809753,nan,-1.5047935247421265,8.687653541564941,world,560146586,1785125737,nan,False,False,False,0.7223663926124573,True,nan,False,1.4447327852249146,True,normal,8.668396949768066,0.5653000370418346,0.0552660125495088,0.44631241261959076,0.0,0.0,0.0,-0.019668424502015114,5.985666839405894,-0.3557489514350891,0.0,0.0,0.0,8.0,0.0,-0.019668424502015114,5.985666839405894,-0.3557489514350891,6.76393202,6.64885899,5.0,8.0,trapezoidal,2
1785125737660173692,-0.023271644487977028,5.987683322280645,-0.3866819441318512,nan,-1.4047861099243164,8.690202713012695,world,660147925,1785125737,nan,False,False,False,0.7223663926124573,True,nan,False,1.4447327852249146,True,normal,8.668396949768066,0.5653000370418346,0.0552660125495088,0.44631241261959076,0.0,0.0,0.0,-0.019668424502015114,5.985666839405894,-0.3557489514350891,0.0,0.0,0.0,8.0,0.0,-0.019668424502015114,5.985666839405894,-0.3557489514350891,6.76393202,6.64885899,5.0,8.0,trapezoidal,2
1785125737760172857,-0.0218778308480978,5.988645253702998,-0.3860906958580017,nan,-1.304796814918518,8.688674926757812,world,760137190,1785125737,nan,False,False,False,0.7223663926124573,True,nan,False,1.4447327852249146,True,normal,8.668396949768066,0.5653000370418346,0.0552660125495088,0.44631241261959076,0.0,0.0,0.0,-0.019668424502015114,5.985666839405894,-0.3557489514350891,0.0,0.0,0.0,8.0,0.0,-0.019668424502015114,5.985666839405894,-0.3557489514350891,6.76393202,6.64885899,5.0,8.0,trapezoidal,2
1785125737860198330,-0.021921982988715172,5.9891308434307575,-0.3905971348285675,nan,-1.2047975063323975,8.691466331481934,world,860137898,1785125737,nan,False,False,False,0.7223663926124573,True,nan,False,1.4447327852249146,True,normal,8.668396949768066,0.5653000370418346,0.0552660125495088,0.44631241261959076,0.0,0.0,0.0,-0.019668424502015114,5.985666839405894,-0.3557489514350891,0.0,0.0,0.0,8.0,0.0,-0.019668424502015114,5.985666839405894,-0.3557489514350891,6.76393202,6.64885899,5.0,8.0,trapezoidal,2
1785125737960200710,-0.022943362593650818,5.989524452015758,-0.3992626368999481,nan,-1.1047784090042114,8.697610855102539,world,960156468,1785125737,nan,False,False,False,0.7223663926124573,True,nan,False,1.4447327852249146,True,normal,8.668396949768066,0.5653000370418346,0.0552660125495088,0.44631241261959076,0.0,0.0,0.0,-0.019668424502015114,5.985666839405894,-0.3557489514350891,0.0,0.0,0.0,8.0,0.0,-0.019668424502015114,5.985666839405894,-0.3557489514350891,6.76393202,6.64885899,5.0,8.0,trapezoidal,2
1785125738060183454,-0.022765642032027245,5.991590426303446,-0.4027189314365387,nan,-1.004801630973816,8.699461936950684,world,60132680,1785125738,nan,False,False,False,0.7223663926124573,True,nan,False,1.4447327852249146,True,normal,8.668396949768066,0.5653000370418346,0.0552660125495088,0.44631241261959076,0.0,0.0,0.0,-0.019668424502015114,5.985666839405894,-0.3557489514350891,0.0,0.0,0.0,8.0,0.0,-0.019668424502015114,5.985666839405894,-0.3557489514350891,6.76393202,6.64885899,5.0,8.0,trapezoidal,2
1785125738160163143,-0.021254541352391243,5.995728771202266,-0.40153464674949646,nan,-0.9048049449920654,8.697236061096191,world,160128779,1785125738,nan,False,False,False,0.7223663926124573,True,nan,False,1.4447327852249146,True,normal,8.668396949768066,0.5653000370418346,0.0552660125495088,0.44631241261959076,0.0,0.0,0.0,-0.019668424502015114,5.985666839405894,-0.3557489514350891,0.0,0.0,0.0,8.0,0.0,-0.019668424502015114,5.985666839405894,-0.3557489514350891,6.76393202,6.64885899,5.0,8.0,trapezoidal,2
1785125738260164763,-0.021016929298639297,5.998828771756962,-0.40581685304641724,nan,-0.8047983050346375,8.699478149414062,world,260136090,1785125738,nan,False,False,False,0.7223663926124573,True,nan,False,1.4447327852249146,True,normal,8.668396949768066,0.5653000370418346,0.0552660125495088,0.44631241261959076,0.0,0.0,0.0,-0.019668424502015114,5.985666839405894,-0.3557489514350891,0.0,0.0,0.0,8.0,0.0,-0.019668424502015114,5.985666839405894,-0.3557489514350891,6.76393202,6.64885899,5.0,8.0,trapezoidal,2
1785125738360164119,-0.02181626297533512,6.001592103391886,-0.4146641790866852,nan,-0.7047997117042542,8.705395698547363,world,360134554,1785125738,nan,False,False,False,0.7223663926124573,True,nan,False,1.4447327852249146,True,normal,8.668396949768066,0.5653000370418346,0.0552660125495088,0.44631241261959076,0.0,0.0,0.0,-0.019668424502015114,5.985666839405894,-0.3557489514350891,0.0,0.0,0.0,8.0,0.0,-0.019668424502015114,5.985666839405894,-0.3557489514350891,6.76393202,6.64885899,5.0,8.0,trapezoidal,2
1785125738460199832,-0.021455679088830948,6.003172917291522,-0.41900205612182617,nan,-0.6047995090484619,8.707696914672852,world,460135402,1785125738,nan,False,False,False,0.7223663926124573,True,nan,False,1.4447327852249146,True,normal,8.668396949768066,0.5653000370418346,0.0552660125495088,0.44631241261959076,0.0,0.0,0.0,-0.019668424502015114,5.985666839405894,-0.3557489514350891,0.0,0.0,0.0,8.0,0.0,-0.019668424502015114,5.985666839405894,-0.3557489514350891,6.76393202,6.64885899,5.0,8.0,trapezoidal,2
1785125738560192405,-0.019622281193733215,6.004055850207806,-0.4194822311401367,nan,-0.5047969222068787,8.706501007080078,world,560138124,1785125738,nan,False,False,False,0.7223663926124573,True,nan,False,1.4447327852249146,True,normal,8.668396949768066,0.5653000370418346,0.0552660125495088,0.44631241261959076,0.0,0.0,0.0,-0.019668424502015114,5.985666839405894,-0.3557489514350891,0.0,0.0,0.0,8.0,0.0,-0.019668424502015114,5.985666839405894,-0.3557489514350891,6.76393202,6.64885899,5.0,8.0,trapezoidal,2
1785125738660158549,-0.019210517406463623,6.004953278694302,-0.42476609349250793,nan,-0.40480709075927734,8.709403991699219,world,660127471,1785125738,nan,False,False,False,0.7223663926124573,True,nan,False,1.4447327852249146,True,normal,8.668396949768066,0.5653000370418346,0.0552660125495088,0.44631241261959076,0.0,0.0,0.0,-0.019668424502015114,5.985666839405894,-0.3557489514350891,0.0,0.0,0.0,8.0,0.0,-0.019668424502015114,5.985666839405894,-0.3557489514350891,6.76393202,6.64885899,5.0,8.0,trapezoidal,2
1785125738760167452,-0.019829191267490387,6.006000754889101,-0.43440258502960205,nan,-0.30480310320854187,8.715813636779785,world,760132357,1785125738,nan,False,False,False,0.7223663926124573,True,nan,False,1.4447327852249146,True,normal,8.668396949768066,0.5653000370418346,0.0552660125495088,0.44631241261959076,0.0,0.0,0.0,-0.019668424502015114,5.985666839405894,-0.3557489514350891,0.0,0.0,0.0,8.0,0.0,-0.019668424502015114,5.985666839405894,-0.3557489514350891,6.76393202,6.64885899,5.0,8.0,trapezoidal,2
1785125738860157620,-0.019560908898711205,6.006385811604559,-0.43848785758018494,nan,-0.20481635630130768,8.718124389648438,world,860119049,1785125738,nan,False,False,False,0.7223663926124573,True,nan,False,1.4447327852249146,True,normal,8.668396949768066,0.5653000370418346,0.0552660125495088,0.44631241261959076,0.0,0.0,0.0,-0.019668424502015114,5.985666839405894,-0.3557489514350891,0.0,0.0,0.0,8.0,0.0,-0.019668424502015114,5.985666839405894,-0.3557489514350891,6.76393202,6.64885899,5.0,8.0,trapezoidal,2
1785125738960174659,-0.018136335536837578,6.006183930672705,-0.43752172589302063,nan,-0.10482581704854965,8.716428756713867,world,960108065,1785125738,nan,False,False,False,0.7223663926124573,True,nan,False,1.4447327852249146,True,normal,8.668396949768066,0.5653000370418346,0.0552660125495088,0.44631241261959076,0.0,0.0,0.0,-0.019668424502015114,5.985666839405894,-0.3557489514350891,0.0,0.0,0.0,8.0,0.0,-0.019668424502015114,5.985666839405894,-0.3557489514350891,6.76393202,6.64885899,5.0,8.0,trapezoidal,2
1785125739060189464,-0.01800590753555298,6.00645323516801,-0.44197002053260803,nan,-0.00479741720482707,8.719082832336426,world,60136876,1785125739,nan,False,False,False,0.7223663926124573,True,nan,False,1.4447327852249146,True,normal,8.668396949768066,0.5653000370418346,0.0552660125495088,0.44631241261959076,0.0,0.0,0.0,-0.019668424502015114,5.985666839405894,-0.3557489514350891,0.0,0.0,0.0,8.0,0.0,-0.019668424502015114,5.985666839405894,-0.3557489514350891,6.76393202,6.64885899,5.0,8.0,trapezoidal,2
1785125739160146271,-0.018743494525551796,6.007052395027131,-0.4512101709842682,nan,0.09518171846866608,8.725381851196289,world,160116165,1785125739,nan,False,False,False,0.7223663926124573,True,nan,False,1.4447327852249146,True,normal,8.668396949768066,0.5653000370418346,0.0552660125495088,0.44631241261959076,0.0,0.0,0.0,-0.017107739642878223,5.985917182289827,-0.353727254349378,0.0538062309723056,0.005260314242535858,0.04248078398310718,8.0,0.0,-0.019668424502015114,5.985666839405894,-0.3557489514350891,6.76393202,6.64885899,5.0,8.0,trapezoidal,2
1785125739260148213,-0.018390830606222153,6.007166199851781,-0.4548134207725525,nan,0.19517084956169128,8.727351188659668,world,260104501,1785125739,nan,False,False,False,0.7223663926124573,True,nan,False,1.4447327852249146,True,normal,8.668396949768066,0.5653000370418346,0.0552660125495088,0.44631241261959076,0.0,0.0,0.0,-0.008901816012902639,5.986719426493963,-0.34724856103063784,0.11033008816918631,0.010786314590132288,0.08710717249020385,8.0,0.0,-0.019668424502015114,5.985666839405894,-0.3557489514350891,6.76393202,6.64885899,5.0,8.0,trapezoidal,2
1785125739360179729,-0.016799062490463257,6.006849498488009,-0.45344534516334534,nan,0.29518723487854004,8.725282669067383,world,360123364,1785125739,nan,False,False,False,0.7223663926124573,True,nan,False,1.4447327852249146,True,normal,8.668396949768066,0.5653000370418346,0.0552660125495088,0.44631241261959076,0.0,0.0,0.0,0.004960427568321123,5.98807465535921,-0.33630412272946264,0.1668693560103768,0.01631382154449683,0.13174572791998093,8.0,0.0,-0.019668424502015114,5.985666839405894,-0.3557489514350891,6.76393202,6.64885899,5.0,8.0,trapezoidal,2
1785125739460170810,-0.01649046689271927,6.007049924694002,-0.45801475644111633,nan,0.39518386125564575,8.727885246276855,world,460119204,1785125739,nan,False,False,False,0.7223663926124573,True,nan,False,1.4447327852249146,True,normal,8.668396949768066,0.5653000370418346,0.0552660125495088,0.44631241261959076,0.0,0.0,0.0,0.024473106480781673,5.989982293581372,-0.3208985854369767,0.22339744447803478,0.02184023555819719,0.17637545707548605,8.0,0.0,-0.019668424502015114,5.985666839405894,-0.3557489514350891,6.76393202,6.64885899,5.0,8.0,trapezoidal,2
1785125739560150720,-0.01709604635834694,6.007606820669025,-0.46725013852119446,nan,0.49516916275024414,8.734092712402344,world,560103453,1785125739,nan,False,False,False,0.7223663926124573,True,nan,False,1.4447327852249146,True,normal,8.668396949768066,0.5653000370418346,0.0552660125495088,0.44631241261959076,0.0,0.0,0.0,0.049635239040575305,5.992442245187069,-0.30103272420657246,0.2799191439246741,0.027366024955423722,0.22100014200810375,8.0,0.0,-0.019668424502015114,5.985666839405894,-0.3557489514350891,6.76393202,6.64885899,5.0,8.0,trapezoidal,2
1785125739660131402,-0.016677774488925934,6.007624966558069,-0.47027623653411865,nan,0.5951671004295349,8.735660552978516,world,660100935,1785125739,nan,False,False,False,0.7223663926124573,True,nan,False,1.4447327852249146,True,normal,8.668396949768066,0.5653000370418346,0.0552660125495088,0.44631241261959076,0.0,0.0,0.0,0.08045295178655987,5.995455109131461,-0.27670170204875855,0.3364479684129803,0.03289251092547243,0.26563045226237014,8.0,0.0,-0.019668424502015114,5.985666839405894,-0.3557489514350891,6.76393202,6.64885899,5.0,8.0,trapezoidal,2
1785125739760154953,-0.014537200331687927,6.006588710006326,-0.4678025543689728,nan,0.6951824426651001,8.732526779174805,world,760117324,1785125739,nan,False,False,False,0.7223663926124573,True,nan,False,1.4447327852249146,True,normal,8.668396949768066,0.5653000370418346,0.0552660125495088,0.44631241261959076,0.0,0.0,0.0,0.11693028344945769,5.999021280257159,-0.2479023303282361,0.3929866528645326,0.03841996084531202,0.3102685470977374,8.0,0.0,-0.019668424502015114,5.985666839405894,-0.3557489514350891,6.76393202,6.64885899,5.0,8.0,trapezoidal,2
1785125739860152677,-0.012768147513270378,6.0051299021579325,-0.47133105993270874,nan,0.7951684594154358,8.733470916748047,world,860102564,1785125739,nan,False,False,False,0.7223663926124573,True,nan,False,1.4447327852249146,True,normal,8.668396949768066,0.5653000370418346,0.0552660125495088,0.44631241261959076,0.0,0.0,0.0,0.15904915664234504,6.0031389912458755,-0.21464888139887578,0.44950874349879755,0.043945788486619224,0.3548935408785446,8.0,0.0,-0.019668424502015114,5.985666839405894,-0.3557489514350891,6.76393202,6.64885899,5.0,8.0,trapezoidal,2
1785125739960135984,-0.010227247141301632,6.002394733717665,-0.4798685610294342,nan,0.8951505422592163,8.737053871154785,world,960086211,1785125739,nan,False,False,False,0.7223663926124573,True,nan,False,1.4447327852249146,True,normal,8.668396949768066,0.5653000370418346,0.0552660125495088,0.44631241261959076,0.0,0.0,0.0,0.20681748531911012,6.007809015797676,-0.17693510708161905,0.5060286418995188,0.049471401806329765,0.39951680385981564,8.0,0.0,-0.019668424502015114,5.985666839405894,-0.3557489514350891,6.76393202,6.64885899,5.0,8.0,trapezoidal,2
1785125740060121916,-0.005865132436156273,5.998553570359945,-0.4821377992630005,nan,0.995162844657898,8.735381126403809,world,60096819,1785125740,nan,False,False,False,0.7223663926124573,True,nan,False,1.4447327852249146,True,normal,8.668396949768066,0.5653000370418346,0.0552660125495088,0.44631241261959076,0.0,0.0,0.0,0.26025374726831635,6.013033160375726,-0.13474641889981073,0.5625655767474564,0.05499868067786052,0.44415351735826586,8.0,0.0,-0.019668424502015114,5.985666839405894,-0.3557489514350891,6.76393202,6.64885899,5.0,8.0,trapezoidal,2
1785125740160132704,0.0023018650244921446,5.992271251510829,-0.47846388816833496,nan,1.095163106918335,8.727216720581055,world,160097038,1785125740,nan,False,False,False,0.7223663926124573,True,nan,False,1.4447327852249146,True,normal,8.668396949768066,0.5653000370418346,0.0552660125495088,0.44631241261959076,0.0,0.0,0.0,0.3193369592830882,6.018809373577057,-0.08809938339346751,0.6190957212113491,0.06052529569404852,0.4887848697520157,8.0,0.0,-0.019668424502015114,5.985666839405894,-0.3557489514350891,6.76393202,6.64885899,5.0,8.0,trapezoidal,2
1785125740260122153,0.01357571966946125,5.983676174655557,-0.48087629675865173,nan,1.19516122341156,8.72065258026123,world,260094933,1785125740,nan,False,False,False,0.7223663926124573,True,nan,False,1.4447327852249146,True,normal,8.668396949768066,0.5653000370418346,0.0552660125495088,0.44631241261959076,0.0,0.0,0.0,0.38407179857342577,6.02513811266459,-0.03699030783882723,0.675624693242965,0.0660517960885265,0.5334152964938218,8.0,0.0,-0.019668424502015114,5.985666839405894,-0.3557489514350891,6.76393202,6.64885899,5.0,8.0,trapezoidal,2
1785125740360116472,0.030566440895199776,5.97245454788208,-0.4864882230758667,nan,1.2951605319976807,8.711904525756836,world,360095262,1785125740,nan,False,False,False,0.7223663926124573,True,nan,False,1.4447327852249146,True,normal,8.668396949768066,0.5653000370418346,0.0552660125495088,0.44631241261959076,0.0,0.0,0.0,0.45446021018121635,6.032019567793467,0.018582343402320622,0.7321542661885202,0.07157835523077581,0.5780461976657224,8.0,0.0,-0.019668424502015114,5.985666839405894,-0.3557489514350891,6.76393202,6.64885899,5.0,8.0,trapezoidal,2
1785125740460120107,0.05201224237680435,5.96178911626339,-0.48416027426719666,nan,1.3951647281646729,8.694707870483398,world,460099248,1785125740,nan,False,False,False,0.7223663926124573,True,nan,False,1.4447327852249146,True,normal,8.668396949768066,0.5653000370418346,0.0552660125495088,0.44631241261959076,0.0,0.0,0.0,0.5305054857437833,6.039454060767436,0.07862116912441974,0.7886866701566609,0.07710519114521598,0.6226793339701855,8.0,0.0,-0.019668424502015114,5.985666839405894,-0.3557489514350891,6.76393202,6.64885899,5.0,8.0,trapezoidal,2
1785125740560147687,0.0841074138879776,5.950796656310558,-0.47309672832489014,nan,1.4951632022857666,8.663840293884277,world,560099147,1785125740,nan,False,False,False,0.7223663926124573,True,nan,False,1.4447327852249146,True,normal,8.668396949768066,0.5653000370418346,0.0552660125495088,0.44631241261959076,0.0,0.0,0.0,0.6121993901915788,6.047440786492868,0.14311966762303485,0.8452158293025891,0.08263170983274411,0.6673099084414,8.0,0.0,-0.019668424502015114,5.985666839405894,-0.3557489514350891,6.76393202,6.64885899,5.0,8.0,trapezoidal,2
1785125740660131535,0.12372751533985138,5.942133609205484,-0.46622323989868164,nan,1.595154047012329,8.629679679870605,world,660088365,1785125740,nan,False,False,False,0.7223663926124573,True,nan,False,1.4447327852249146,True,normal,8.668396949768066,0.5653000370418346,0.0552660125495088,0.44631241261959076,0.0,0.0,0.0,0.699539143003163,6.055979473134771,0.21207564363697617,0.9017406107650303,0.08815780054027106,0.7119370266692914,8.0,0.0,-0.019668424502015114,5.985666839405894,-0.3557489514350891,6.76393202,6.64885899,5.0,8.0,trapezoidal,2
1785125740760119231,0.17640575766563416,5.938946943730116,-0.4527800977230072,nan,1.6951615810394287,8.580925941467285,world,760095717,1785125740,nan,False,False,False,0.7223663926124573,True,nan,False,1.4447327852249146,True,normal,8.668396949768066,0.5653000370418346,0.0552660125495088,0.44631241261959076,0.0,0.0,0.0,0.7925470273854178,6.0650722991893575,0.28550669007473917,0.9582749344920969,0.09368482413808984,0.7565716786507077,8.0,0.0,-0.019668424502015114,5.985666839405894,-0.3557489514350891,6.76393202,6.64885899,5.0,8.0,trapezoidal,2
1785125740860119320,0.22966766357421875,5.9435594119131565,-0.4145367741584778,nan,1.795143723487854,8.515355110168457,world,860077352,1785125740,nan,False,False,False,0.7223663926124573,True,nan,False,1.4447327852249146,True,normal,8.668396949768066,0.5653000370418346,0.0552660125495088,0.44631241261959076,0.0,0.0,0.0,0.8911828317469314,6.074715333409204,0.36338105931346476,1.0147948057584164,0.09921043480503179,0.801194920208983,8.0,0.0,-0.019668424502015114,5.985666839405894,-0.3557489514350891,6.76393202,6.64885899,5.0,8.0,trapezoidal,2
1785125740960114159,0.29127374291419983,5.955972526222467,-0.3535403609275818,nan,1.8951438665390015,8.42827320098877,world,960077591,1785125740,nan,False,False,False,0.7223663926124573,True,nan,False,1.4447327852249146,True,normal,8.668396949768066,0.5653000370418346,0.0552660125495088,0.44631241261959076,0.0,0.0,0.0,0.9954889507088873,6.0849127204635325,0.44573222250903943,1.0713248823863046,0.10473704318929829,0.8458262190452432,8.0,0.0,-0.019668424502015114,5.985666839405894,-0.3557489514350891,6.76393202,6.64885899,5.0,8.0,trapezoidal,2
1785125741060128004,0.35564401745796204,5.9753343388438225,-0.29420071840286255,nan,1.995155692100525,8.33956527709961,world,60091196,1785125741,nan,False,False,False,0.7223663926124573,True,nan,False,1.4447327852249146,True,normal,8.668396949768066,0.5653000370418346,0.0552660125495088,0.44631241261959076,0.0,0.0,0.0,1.1054612489876003,6.0956640560703255,0.5325569147962284,1.1278615571962252,0.11026429663846327,0.8904627272399837,8.0,0.0,-0.019668424502015114,5.985666839405894,-0.3557489514350891,6.76393202,6.64885899,5.0,8.0,trapezoidal,2
1785125741160113166,0.43123966455459595,6.001569701707922,-0.2273862212896347,nan,2.0951473712921143,8.23696231842041,world,160080966,1785125741,nan,False,False,False,0.7223663926124573,True,nan,False,1.4447327852249146,True,normal,8.668396949768066,0.0,0.0,0.0,0.0,0.0,0.0,1.2185051759209138,6.106715686488103,0.621806701556575,1.1306000740836692,0.1105320250990176,0.8926248252391815,8.0,0.0,-0.019668424502015114,5.985666839405894,-0.3557489514350891,6.76393202,6.64885899,5.0,8.0,trapezoidal,2
1785125741260114288,0.5041664242744446,6.025974445044994,-0.15705199539661407,nan,2.1951475143432617,8.134361267089844,world,260082178,1785125741,nan,False,False,False,0.7223663926124573,True,nan,False,1.4447327852249146,True,normal,8.668396949768066,0.0,0.0,0.0,0.0,0.0,0.0,1.3315654207552965,6.11776891220973,0.7110693715317066,1.1306000740836692,0.1105320250990176,0.8926248252391815,8.0,0.0,-0.019668424502015114,5.985666839405894,-0.3557489514350891,6.76393202,6.64885899,5.0,8.0,trapezoidal,2
1785125741360092868,0.5846555233001709,6.051281336694956,-0.0728728175163269,nan,2.2951364517211914,8.017144203186035,world,360070266,1785125741,nan,False,False,False,0.7223663926124573,True,nan,False,1.4447327852249146,True,normal,8.668396949768066,0.0,0.0,0.0,0.0,0.0,0.0,1.4446128886782417,6.128820888808941,0.8003219539536879,1.1306000740836692,0.1105320250990176,0.8926248252391815,8.0,0.0,-0.019668424502015114,5.985666839405894,-0.3557489514350891,6.76393202,6.64885899,5.0,8.0,trapezoidal,2
1785125741460095262,0.6593756675720215,6.076818145811558,0.0022890714462846518,nan,2.3951358795166016,7.910117149353027,world,460069564,1785125741,nan,False,False,False,0.7223663926124573,True,nan,False,1.4447327852249146,True,normal,8.668396949768066,0.0,0.0,0.0,0.0,0.0,0.0,1.5576722505139662,6.139874028205057,0.8895839267888308,1.1306000740836692,0.1105320250990176,0.8926248252391815,8.0,0.0,-0.019668424502015114,5.985666839405894,-0.3557489514350891,6.76393202,6.64885899,5.0,8.0,trapezoidal,2
1785125741560093989,0.7405153512954712,6.105816267430782,0.0820900946855545,nan,2.495131015777588,7.795016288757324,world,560064995,1785125741,nan,False,False,False,0.7223663926124573,True,nan,False,1.4447327852249146,True,normal,8.668396949768066,0.0,0.0,0.0,0.0,0.0,0.0,1.670726910183983,6.15092670789848,0.978842187197326,1.1306000740836692,0.1105320250990176,0.8926248252391815,8.0,0.0,-0.019668424502015114,5.985666839405894,-0.3557489514350891,6.76393202,6.64885899,5.0,8.0,trapezoidal,2
1785125741660073530,0.8178490400314331,6.13182607293129,0.16232329607009888,nan,2.5951013565063477,7.682860374450684,world,660035991,1785125741,nan,False,False,False,0.7223663926124573,True,nan,False,1.4447327852249146,True,normal,8.668396949768066,0.0,0.0,0.0,0.0,0.0,0.0,1.783753218926542,6.161976615890842,1.0680780641457028,1.1306000740836692,0.1105320250990176,0.8926248252391815,8.0,0.0,-0.019668424502015114,5.985666839405894,-0.3557489514350891,6.76393202,6.64885899,5.0,8.0,trapezoidal,2
1785125741760104227,0.9045857787132263,6.158246755599976,0.25642654299736023,nan,2.6951398849487305,7.554741859436035,world,760075183,1785125741,nan,False,False,False,0.7223663926124573,True,nan,False,1.4447327852249146,True,normal,8.668396949768066,0.0,0.0,0.0,0.0,0.0,0.0,1.89685689237097,6.173034087368617,1.1573750216256216,1.1306000740836692,0.1105320250990176,0.8926248252391815,8.0,0.0,-0.019668424502015114,5.985666839405894,-0.3557489514350891,6.76393202,6.64885899,5.0,8.0,trapezoidal,2
1785125741860082336,0.9847663044929504,6.181529209017754,0.3395116627216339,nan,2.79510760307312,7.438904762268066,world,860041750,1785125741,nan,False,False,False,0.7223663926124573,True,nan,False,1.4447327852249146,True,normal,8.668396949768066,0.0,0.0,0.0,0.0,0.0,0.0,2.0098802332883343,6.184083705214412,1.2466085554338324,1.1306000740836692,0.1105320250990176,0.8926248252391815,8.0,0.0,-0.019668424502015114,5.985666839405894,-0.3557489514350891,6.76393202,6.64885899,5.0,8.0,trapezoidal,2
1785125741960090481,1.0723581314086914,6.204881340265274,0.4265572130680084,nan,2.895129680633545,7.314882755279541,world,960064001,1785125741,nan,False,False,False,0.7223663926124573,True,nan,False,1.4447327852249146,True,normal,8.668396949768066,0.0,0.0,0.0,0.0,0.0,0.0,2.1229654429029523,6.195139371593686,1.3358909354577295,1.1306000740836692,0.1105320250990176,0.8926248252391815,8.0,0.0,-0.019668424502015114,5.985666839405894,-0.3557489514350891,6.76393202,6.64885899,5.0,8.0,trapezoidal,2
1785125742060116689,1.1545525789260864,6.225123628973961,0.5131459832191467,nan,2.9951255321502686,7.195592403411865,world,60059303,1785125742,nan,False,False,False,0.7223663926124573,True,nan,False,1.4447327852249146,True,normal,8.668396949768066,0.0,0.0,0.0,0.0,0.0,0.0,2.2360206701342062,6.206192106774186,1.4251496439638869,1.1306000740836692,0.1105320250990176,0.8926248252391815,8.0,0.0,-0.019668424502015114,5.985666839405894,-0.3557489514350891,6.76393202,6.64885899,5.0,8.0,trapezoidal,2
1785125742160145333,1.245288372039795,6.245659485459328,0.6137590408325195,nan,3.0951738357543945,7.0609564781188965,world,160110188,1785125742,nan,False,False,False,0.7223663926124573,True,nan,False,1.4447327852249146,True,normal,8.668396949768066,0.0,0.0,0.0,0.0,0.0,0.0,2.349135172466144,6.217250636927697,1.5144551510043813,1.1306000740836692,0.1105320250990176,0.8926248252391815,8.0,0.0,-0.019668424502015114,5.985666839405894,-0.3557489514350891,6.76393202,6.64885899,5.0,8.0,trapezoidal,2
1785125742260077357,1.3302619457244873,6.262178182601929,0.7017175555229187,nan,3.195120096206665,6.938985824584961,world,260053723,1785125742,nan,False,False,False,0.7223663926124573,True,nan,False,1.4447327852249146,True,normal,8.668396949768066,0.0,0.0,0.0,0.0,0.0,0.0,2.462134456475132,6.228297902873063,1.603669691541561,1.1306000740836692,0.1105320250990176,0.8926248252391815,8.0,0.0,-0.019668424502015114,5.985666839405894,-0.3557489514350891,6.76393202,6.64885899,5.0,8.0,trapezoidal,2
1785125742360087396,1.4238340854644775,6.277527064085007,0.7931085824966431,nan,3.295132875442505,6.80826473236084,world,360066979,1785125742,nan,False,False,False,0.7223663926124573,True,nan,False,1.4447327852249146,True,normal,8.668396949768066,0.0,0.0,0.0,0.0,0.0,0.0,2.5752088948628447,6.239352516213733,1.6929435675287485,1.1306000740836692,0.1105320250990176,0.8926248252391815,8.0,0.0,-0.019668424502015114,5.985666839405894,-0.3557489514350891,6.76393202,6.64885899,5.0,8.0,trapezoidal,2
1785125742460082498,1.5124391317367554,6.291178345680237,0.8829596042633057,nan,3.3951234817504883,6.682524681091309,world,460057702,1785125742,nan,False,False,False,0.7223663926124573,True,nan,False,1.4447327852249146,True,normal,8.668396949768066,0.0,0.0,0.0,0.0,0.0,0.0,2.688258460048927,6.25040469784985,1.7821978057697805,1.1306000740836692,0.1105320250990176,0.8926248252391815,8.0,0.0,-0.019668424502015114,5.985666839405894,-0.3557489514350891,6.76393202,6.64885899,5.0,8.0,trapezoidal,2
1785125742560088580,1.6109044551849365,6.305618196725845,0.9862315654754639,nan,3.4951248168945312,6.540782928466797,world,560060167,1785125742,nan,False,False,False,0.7223663926124573,True,nan,False,1.4447327852249146,True,normal,8.668396949768066,0.0,0.0,0.0,0.0,0.0,0.0,2.801319747296578,6.261458025482005,1.8714612987450008,1.1306000740836692,0.1105320250990176,0.8926248252391815,8.0,0.0,-0.019668424502015114,5.985666839405894,-0.3557489514350891,6.76393202,6.64885899,5.0,8.0,trapezoidal,2
1785125742660087699,1.70325767993927,6.31638103723526,1.0756536722183228,nan,3.595128059387207,6.412601470947266,world,660062231,1785125742,nan,False,False,False,0.7223663926124573,True,nan,False,1.4447327852249146,True,normal,8.668396949768066,0.0,0.0,0.0,0.0,0.0,0.0,2.9143836405774,6.272511607890477,1.9607268492204437,1.1306000740836692,0.1105320250990176,0.8926248252391815,8.0,0.0,-0.019668424502015114,5.985666839405894,-0.3557489514350891,6.76393202,6.64885899,5.0,8.0,trapezoidal,2
1785125742760093300,1.804922103881836,6.3255288898944855,1.1680188179016113,nan,3.6951324939727783,6.275380611419678,world,760068003,1785125742,nan,False,False,False,0.7223663926124573,True,nan,False,1.4447327852249146,True,normal,8.668396949768066,0.0,0.0,0.0,0.0,0.0,0.0,3.027448519741486,6.283565286682875,2.049993178064734,1.1306000740836692,0.1105320250990176,0.8926248252391815,8.0,0.0,-0.019668424502015114,5.985666839405894,-0.3557489514350891,6.76393202,6.64885899,5.0,8.0,trapezoidal,2
1785125742860065659,1.9004926681518555,6.332203239202499,1.2589128017425537,nan,3.795112133026123,6.1440253257751465,world,860046243,1785125742,nan,False,False,False,0.7223663926124573,True,nan,False,1.4447327852249146,True,normal,8.668396949768066,0.0,0.0,0.0,0.0,0.0,0.0,3.1404854425575404,6.294616232349888,2.1392374349749703,1.1306000740836692,0.1105320250990176,0.8926248252391815,8.0,0.0,-0.019668424502015114,5.985666839405894,-0.3557489514350891,6.76393202,6.64885899,5.0,8.0,trapezoidal,2
1785125742960113238,2.005922317504883,6.337772399187088,1.3634183406829834,nan,3.8951494693756104,5.996678829193115,world,960085837,1785125742,nan,False,False,False,0.7223663926124573,True,nan,False,1.4447327852249146,True,normal,8.668396949768066,0.0,0.0,0.0,0.0,0.0,0.0,3.2535876552666725,6.305673561020287,2.228533239183614,1.1306000740836692,0.1105320250990176,0.8926248252391815,8.0,0.0,-0.019668424502015114,5.985666839405894,-0.3557489514350891,6.76393202,6.64885899,5.0,8.0,trapezoidal,2
1785125743060070780,2.104637861251831,6.3413620591163635,1.4535815715789795,nan,3.9950928688049316,5.863502502441406,world,60029082,1785125743,nan,False,False,False,0.7223663926124573,True,nan,False,1.4447327852249146,True,normal,8.668396949768066,0.0,0.0,0.0,0.0,0.0,0.0,3.36658372271845,6.316720512502041,2.317745240203166,1.1306000740836692,0.1105320250990176,0.8926248252391815,8.0,0.0,-0.019668424502015114,5.985666839405894,-0.3557489514350891,6.76393202,6.64885899,5.0,8.0,trapezoidal,2
1785125743160069779,2.213134288787842,6.343865782022476,1.546162486076355,nan,4.095107555389404,5.7211689949035645,world,160041336,1785125743,nan,False,False,False,0.7223663926124573,True,nan,False,1.4447327852249146,True,normal,8.668396949768066,0.0,0.0,0.0,0.0,0.0,0.0,3.479660461877313,6.327775350775383,2.4070209326818723,1.1306000740836692,0.1105320250990176,0.8926248252391815,8.0,0.0,-0.019668424502015114,5.985666839405894,-0.3557489514350891,6.76393202,6.64885899,5.0,8.0,trapezoidal,2
1785125743260120275,2.315852642059326,6.344298005104065,1.6368834972381592,nan,4.195140361785889,5.584686279296875,world,260076443,1785125743,nan,False,False,False,0.7223663926124573,True,nan,False,1.4447327852249146,True,normal,8.668396949768066,0.0,0.0,0.0,0.0,0.0,0.0,3.5927573743332983,6.338832161271648,2.496312552265336,1.1306000740836692,0.1105320250990176,0.8926248252391815,8.0,0.0,-0.019668424502015114,5.985666839405894,-0.3557489514350891,6.76393202,6.64885899,5.0,8.0,trapezoidal,2
1785125743360063360,2.4298532009124756,6.342925131320953,1.741434097290039,nan,4.295102596282959,5.431029796600342,world,360036390,1785125743,nan,False,False,False,0.7223663926124573,True,nan,False,1.4447327852249146,True,normal,8.668396949768066,0.0,0.0,0.0,0.0,0.0,0.0,3.7057748960520813,6.3498812102091104,2.5855414917335717,1.1306000740836692,0.1105320250990176,0.8926248252391815,8.0,0.0,-0.019668424502015114,5.985666839405894,-0.3557489514350891,6.76393202,6.64885899,5.0,8.0,trapezoidal,2
1785125743460082247,2.5355000495910645,6.341452896595001,1.831433892250061,nan,4.395118236541748,5.292820453643799,world,460052762,1785125743,nan,False,False,False,0.7223663926124573,True,nan,False,1.4447327852249146,True,normal,8.668396949768066,0.0,0.0,0.0,0.0,0.0,0.0,3.818852405149595,6.360936123754761,2.6748177920897844,1.1306000740836692,0.1105320250990176,0.8926248252391815,8.0,0.0,-0.019668424502015114,5.985666839405894,-0.3557489514350891,6.76393202,6.64885899,5.0,8.0,trapezoidal,2
1785125743560074023,2.6503889560699463,6.340063571929932,1.9236340522766113,nan,4.4951066970825195,5.145932197570801,world,560041813,1785125743,nan,False,False,False,0.7223663926124573,True,nan,False,1.4447327852249146,True,normal,8.668396949768066,0.0,0.0,0.0,0.0,0.0,0.0,3.9318997170497303,6.371988085100552,2.7640702513295405,1.1306000740836692,0.1105320250990176,0.8926248252391815,8.0,0.0,-0.019668424502015114,5.985666839405894,-0.3557489514350891,6.76393202,6.64885899,5.0,8.0,trapezoidal,2
1785125743660063354,2.758596181869507,6.34007203578949,2.013636589050293,nan,4.595104694366455,5.005640029907227,world,660038629,1785125743,nan,False,False,False,0.7223663926124573,True,nan,False,1.4447327852249146,True,normal,8.668396949768066,0.0,0.0,0.0,0.0,0.0,0.0,4.04495732419414,6.383041052950965,2.8533308388109546,1.1306000740836692,0.1105320250990176,0.8926248252391815,8.0,0.0,-0.019668424502015114,5.985666839405894,-0.3557489514350891,6.76393202,6.64885899,5.0,8.0,trapezoidal,2
1785125743760077853,2.8783180713653564,6.341662228107452,2.1165831089019775,nan,4.695093631744385,4.848345756530762,world,760028371,1785125743,nan,False,False,False,0.7223663926124573,True,nan,False,1.4447327852249146,True,normal,8.668396949768066,0.0,0.0,0.0,0.0,0.0,0.0,4.158004930050294,6.394093043035083,2.9425835301331644,1.1306000740836692,0.1105320250990176,0.8926248252391815,8.0,0.0,-0.019668424502015114,5.985666839405894,-0.3557489514350891,6.76393202,6.64885899,5.0,8.0,trapezoidal,2
1785125743860057406,2.988926887512207,6.34328830242157,2.205199956893921,nan,4.795098304748535,4.70690393447876,world,860032039,1785125743,nan,False,False,False,0.7223663926124573,True,nan,False,1.4447327852249146,True,normal,8.668396949768066,0.0,0.0,0.0,0.0,0.0,0.0,4.271070081688999,6.405146748465699,3.0318500741000376,1.1306000740836692,0.1105320250990176,0.8926248252391815,8.0,0.0,-0.019668424502015114,5.985666839405894,-0.3557489514350891,6.76393202,6.64885899,5.0,8.0,trapezoidal,2
1785125743960071294,3.1088011264801025,6.345304399728775,2.2962026596069336,nan,4.895096778869629,4.556604862213135,world,960031309,1785125743,nan,False,False,False,0.7223663926124573,True,nan,False,1.4447327852249146,True,normal,8.668396949768066,0.0,0.0,0.0,0.0,0.0,0.0,4.384128403372655,6.416199786172352,3.121111225720341,1.1306000740836692,0.1105320250990176,0.8926248252391815,8.0,0.0,-0.019668424502015114,5.985666839405894,-0.3557489514350891,6.76393202,6.64885899,5.0,8.0,trapezoidal,2
1785125744060056268,3.2196269035339355,6.344922304153442,2.386044979095459,nan,4.99506139755249,4.414434909820557,world,59996176,1785125744,nan,False,False,False,0.7223663926124573,True,nan,False,1.4447327852249146,True,normal,8.668396949768066,0.0,0.0,0.0,0.0,0.0,0.0,4.497148236037988,6.427249061037274,3.2103419897137186,1.1306000740836692,0.1105320250990176,0.8926248252391815,8.0,0.0,-0.019668424502015114,5.985666839405894,-0.3557489514350891,6.76393202,6.64885899,5.0,8.0,trapezoidal,2
1785125744160056010,3.339707612991333,6.341845482587814,2.489993095397949,nan,5.095097064971924,4.256724834442139,world,160030682,1785125744,nan,False,False,False,0.7223663926124573,True,nan,False,1.4447327852249146,True,normal,8.668396949768066,0.0,0.0,0.0,0.0,0.0,0.0,4.6102484000997865,6.438306189423643,3.29963617648618,1.1306000740836692,0.1105320250990176,0.8926248252391815,8.0,0.0,-0.019668424502015114,5.985666839405894,-0.3557489514350891,6.76393202,6.64885899,5.0,8.0,trapezoidal,2
1785125744260023401,3.450164556503296,6.340333819389343,2.5793497562408447,nan,5.195055961608887,4.115311622619629,world,259989659,1785125744,nan,False,False,False,0.7223663926124573,True,nan,False,1.4447327852249146,True,normal,8.668396949768066,0.0,0.0,0.0,0.0,0.0,0.0,4.723262048382716,6.449354859678388,3.388862057821764,1.1306000740836692,0.1105320250990176,0.8926248252391815,8.0,0.0,-0.019668424502015114,5.985666839405894,-0.3557489514350891,6.76393202,6.64885899,5.0,8.0,trapezoidal,2
1785125744360060162,3.5695013999938965,6.340035438537598,2.6703310012817383,nan,5.295084476470947,3.965742826461792,world,360018224,1785125744,nan,False,False,False,0.7223663926124573,True,nan,False,1.4447327852249146,True,normal,8.668396949768066,0.0,0.0,0.0,0.0,0.0,0.0,4.836354431654804,6.46041122738336,3.478150101550178,1.1306000740836692,0.1105320250990176,0.8926248252391815,8.0,0.0,-0.019668424502015114,5.985666839405894,-0.3557489514350891,6.76393202,6.64885899,5.0,8.0,trapezoidal,2
1785125744460076755,3.6803579330444336,6.339755326509476,2.759246587753296,nan,5.395112037658691,3.8242580890655518,world,460048984,1785125744,nan,False,False,False,0.7223663926124573,True,nan,False,1.4447327852249146,True,normal,8.668396949768066,0.0,0.0,0.0,0.0,0.0,0.0,4.949445624405016,6.47146747869811,3.5674372053446506,1.1306000740836692,0.1105320250990176,0.8926248252391815,8.0,0.0,-0.019668424502015114,5.985666839405894,-0.3557489514350891,6.76393202,6.64885899,5.0,8.0,trapezoidal,2
1785125744560040390,3.801239013671875,6.339336693286896,2.8615593910217285,nan,5.495085716247559,3.666917324066162,world,560020142,1785125744,nan,False,False,False,0.7223663926124573,True,nan,False,1.4447327852249146,True,normal,8.668396949768066,0.0,0.0,0.0,0.0,0.0,0.0,5.062475980695838,6.482517782395122,3.656676277889902,1.1306000740836692,0.1105320250990176,0.8926248252391815,8.0,0.0,-0.019668424502015114,5.985666839405894,-0.3557489514350891,6.76393202,6.64885899,5.0,8.0,trapezoidal,2
1785125744660062864,3.9123435020446777,6.340698659420013,2.9495773315429688,nan,5.595094680786133,3.5257272720336914,world,660029282,1785125744,nan,False,False,False,0.7223663926124573,True,nan,False,1.4447327852249146,True,normal,8.668396949768066,0.0,0.0,0.0,0.0,0.0,0.0,5.175545776839647,6.493571941891297,3.745946488759557,1.1306000740836692,0.1105320250990176,0.8926248252391815,8.0,0.0,-0.019668424502015114,5.985666839405894,-0.3557489514350891,6.76393202,6.64885899,5.0,8.0,trapezoidal,2
1785125744760048530,4.032234191894531,6.343929648399353,3.0393221378326416,nan,5.695085525512695,3.3763015270233154,world,760019556,1785125744,nan,False,False,False,0.7223663926124573,True,nan,False,1.4447327852249146,True,normal,8.668396949768066,0.0,0.0,0.0,0.0,0.0,0.0,5.288595389510933,6.504624128169759,3.835200764490832,1.1306000740836692,0.1105320250990176,0.8926248252391815,8.0,0.0,-0.019668424502015114,5.985666839405894,-0.3557489514350891,6.76393202,6.64885899,5.0,8.0,trapezoidal,2
1785125744860033194,4.1427903175354,6.348415017127991,3.1282780170440674,nan,5.795075416564941,3.234809637069702,world,860008808,1785125744,nan,False,False,False,0.7223663926124573,True,nan,False,1.4447327852249146,True,normal,8.668396949768066,0.0,0.0,0.0,0.0,0.0,0.0,5.401643981250352,6.5156762146378036,3.9244542341818893,1.1306000740836692,0.1105320250990176,0.8926248252391815,8.0,0.0,-0.019668424502015114,5.985666839405894,-0.3557489514350891,6.76393202,6.64885899,5.0,8.0,trapezoidal,2
1785125744960041902,4.262526512145996,6.354796975851059,3.231980562210083,nan,5.895079612731934,3.077238082885742,world,960013590,1785125744,nan,False,False,False,0.7223663926124573,True,nan,False,1.4447327852249146,True,normal,8.668396949768066,0.0,0.0,0.0,0.0,0.0,0.0,5.514709077489652,6.526729914652351,4.013720734410146,1.1306000740836692,0.1105320250990176,0.8926248252391815,8.0,0.0,-0.019668424502015114,5.985666839405894,-0.3557489514350891,6.76393202,6.64885899,5.0,8.0,trapezoidal,2
1785125745060017039,4.3726067543029785,6.361912041902542,3.3204684257507324,nan,5.995045185089111,2.9362564086914062,world,59978968,1785125745,nan,False,False,False,0.7223663926124573,True,nan,False,1.4447327852249146,True,normal,8.668396949768066,0.0,0.0,0.0,0.0,0.0,0.0,5.627729998922858,6.537779295959613,4.102952358001231,1.1306000740836692,0.1105320250990176,0.8926248252391815,8.0,0.0,-0.019668424502015114,5.985666839405894,-0.3557489514350891,6.76393202,6.64885899,5.0,8.0,trapezoidal,2
1785125745160037140,4.4915313720703125,6.3707230389118195,3.4103193283081055,nan,6.095075607299805,2.7871577739715576,world,160010120,1785125745,nan,False,False,False,0.7223663926124573,True,nan,False,1.4447327852249146,True,normal,8.668396949768066,-0.5653000370418346,-0.0552660125495088,-0.44631241261959076,0.0,0.0,0.0,5.738269238315908,6.548586058017293,4.190224658354885,1.0768539441154017,0.10527758657313796,0.8501914918528467,8.0,0.0,-0.019668424502015114,5.985666839405894,-0.3557489514350891,6.76393202,6.64885899,5.0,8.0,trapezoidal,2
1785125745260031933,4.603649616241455,6.378665655851364,3.4994730949401855,nan,6.195072650909424,2.6441266536712646,world,260006917,1785125745,nan,False,False,False,0.7223663926124573,True,nan,False,1.4447327852249146,True,normal,8.668396949768066,-0.5653000370418346,-0.0552660125495088,-0.44631241261959076,0.0,0.0,0.0,5.843125202169551,6.558837200126803,4.273009931906191,1.0203255639529245,0.09975114404217512,0.8055615324001366,8.0,0.0,-0.019668424502015114,5.985666839405894,-0.3557489514350891,6.76393202,6.64885899,5.0,8.0,trapezoidal,2
1785125745360075938,4.727677345275879,6.387089371681213,3.602539300918579,nan,6.295106410980225,2.4834961891174316,world,360044660,1785125745,nan,False,False,False,0.7223663926124573,True,nan,False,1.4447327852249146,True,normal,8.668396949768066,-0.5653000370418346,-0.0552660125495088,-0.44631241261959076,0.0,0.0,0.0,5.942363743751671,6.568539160369317,4.351360170745974,0.9637765062456928,0.09422267999100527,0.760915247731998,8.0,0.0,-0.019668424502015114,5.985666839405894,-0.3557489514350891,6.76393202,6.64885899,5.0,8.0,trapezoidal,2
1785125745460031209,4.840882778167725,6.396056175231934,3.689683675765991,nan,6.3950653076171875,2.340717077255249,world,460000582,1785125745,nan,False,False,False,0.7223663926124573,True,nan,False,1.4447327852249146,True,normal,8.668396949768066,-0.5653000370418346,-0.0552660125495088,-0.44631241261959076,0.0,0.0,0.0,6.035877775541752,6.577681469436747,4.425190827754983,0.9072696306619248,0.08869833983442582,0.7163022664497763,8.0,0.0,-0.019668424502015114,5.985666839405894,-0.3557489514350891,6.76393202,6.64885899,5.0,8.0,trapezoidal,2
1785125745560036472,4.96207857131958,6.40681865811348,3.7770237922668457,nan,6.49506950378418,2.1911025047302246,world,560004933,1785125745,nan,False,False,False,0.7223663926124573,True,nan,False,1.4447327852249146,True,normal,8.668396949768066,-0.5653000370418346,-0.0552660125495088,-0.44631241261959076,0.0,0.0,0.0,6.123781701779072,6.586275311949132,4.494592226705908,0.8507373256212906,0.08317151359153785,0.6716692082499855,8.0,0.0,-0.019668424502015114,5.985666839405894,-0.3557489514350891,6.76393202,6.64885899,5.0,8.0,trapezoidal,2
1785125745660046975,5.071834087371826,6.416316360235214,3.8623995780944824,nan,6.595078945159912,2.052170991897583,world,660014144,1785125745,nan,False,False,False,0.7223663926124573,True,nan,False,1.4447327852249146,True,normal,8.668396949768066,-0.5653000370418346,-0.0552660125495088,-0.44631241261959076,0.0,0.0,0.0,6.206036679238915,6.594316890436096,4.5595337003208405,0.7942018091111458,0.07764437338243259,0.6270336145493786,8.0,0.0,-0.019668424502015114,5.985666839405894,-0.3557489514350891,6.76393202,6.64885899,5.0,8.0,trapezoidal,2
1785125745760037220,5.188150882720947,6.425806701183319,3.9605770111083984,nan,6.695070743560791,1.900852084159851,world,760007855,1785125745,nan,False,False,False,0.7223663926124573,True,nan,False,1.4447327852249146,True,normal,8.668396949768066,-0.5653000370418346,-0.0552660125495088,-0.44631241261959076,0.0,0.0,0.0,6.282624235794011,6.601804398987943,4.620000664592797,0.7376764985278698,0.07211823094591788,0.5824060785730689,8.0,0.0,-0.019668424502015114,5.985666839405894,-0.3557489514350891,6.76393202,6.64885899,5.0,8.0,trapezoidal,2
1785125745860041581,5.29397439956665,6.435521304607391,4.041740894317627,nan,6.795071125030518,1.767639398574829,world,860008690,1785125745,nan,False,False,False,0.7223663926124573,True,nan,False,1.4447327852249146,True,normal,8.668396949768066,-0.5653000370418346,-0.0552660125495088,-0.44631241261959076,0.0,0.0,0.0,6.353565708324964,6.608739923584213,4.676009965292228,0.6811462268714689,0.06659160349487706,0.5377746257590263,8.0,0.0,-0.019668424502015114,5.985666839405894,-0.3557489514350891,6.76393202,6.64885899,5.0,8.0,trapezoidal,2
1785125745960061802,5.4068098068237305,6.446791261434555,4.120882034301758,nan,6.895076751708984,1.6295583248138428,world,960014554,1785125745,nan,False,False,False,0.7223663926124573,True,nan,False,1.4447327852249146,True,normal,8.668396949768066,-0.5653000370418346,-0.0552660125495088,-0.44631241261959076,0.0,0.0,0.0,6.4188572493430245,6.6151230880788825,4.727558564772092,0.6246131292801824,0.06106469976903948,0.4931409418292329,8.0,0.0,-0.019668424502015114,5.985666839405894,-0.3557489514350891,6.76393202,6.64885899,5.0,8.0,trapezoidal,2
1785125746060042760,5.510008811950684,6.4571234583854675,4.197961807250977,nan,6.995082855224609,1.5007835626602173,world,60016992,1785125746,nan,False,False,False,0.7223663926124573,True,nan,False,1.4447327852249146,True,normal,8.668396949768066,-0.5653000370418346,-0.0552660125495088,-0.44631241261959076,0.0,0.0,0.0,6.478495382522046,6.6209535526122805,4.774643718423493,0.568079821397283,0.05553777548424529,0.4485070918712224,8.0,0.0,-0.019668424502015114,5.985666839405894,-0.3557489514350891,6.76393202,6.64885899,5.0,8.0,trapezoidal,2
1785125746160021245,5.620434761047363,6.468023508787155,4.285736560821533,nan,7.095059871673584,1.3603160381317139,world,159994335,1785125746,nan,False,False,False,0.7223663926124573,True,nan,False,1.4447327852249146,True,normal,8.668396949768066,-0.5653000370418346,-0.0552660125495088,-0.44631241261959076,0.0,0.0,0.0,6.532465283866941,6.626229867930834,4.817253722491649,0.5115626149553376,0.05001242534128647,0.40388595422965995,8.0,0.0,-0.019668424502015114,5.985666839405894,-0.3557489514350891,6.76393202,6.64885899,5.0,8.0,trapezoidal,2
1785125746260008435,5.719476699829102,6.478577196598053,4.355973720550537,nan,7.1950554847717285,1.2388110160827637,world,259989450,1785125746,nan,False,False,False,0.7223663926124573,True,nan,False,1.4447327852249146,True,normal,8.668396949768066,-0.5653000370418346,-0.0552660125495088,-0.44631241261959076,0.0,0.0,0.0,6.5807930093557045,6.630954581372086,4.855409148541464,0.45503514040352,0.04448607134647575,0.359256709769435,8.0,0.0,-0.019668424502015114,5.985666839405894,-0.3557489514350891,6.76393202,6.64885899,5.0,8.0,trapezoidal,2
1785125746360052832,5.823477745056152,6.490417957305908,4.422146797180176,nan,7.2950849533081055,1.1151107549667358,world,360023397,1785125746,nan,False,False,False,0.7223663926124573,True,nan,False,1.4447327852249146,True,normal,8.668396949768066,-0.5653000370418346,-0.0552660125495088,-0.44631241261959076,0.0,0.0,0.0,6.623481818316758,6.6351280115811315,4.889112569859044,0.39848840438354016,0.03895783427281942,0.31461225810637483,8.0,0.0,-0.019668424502015114,5.985666839405894,-0.3557489514350891,6.76393202,6.64885899,5.0,8.0,trapezoidal,2
1785125746460043469,5.918529987335205,6.502124547958374,4.487050533294678,nan,7.395071506500244,0.9996763467788696,world,460007842,1785125746,nan,False,False,False,0.7223663926124573,True,nan,False,1.4447327852249146,True,normal,8.668396949768066,-0.5653000370418346,-0.0552660125495088,-0.44631241261959076,0.0,0.0,0.0,6.660499432308856,6.638747002887316,4.918338502156323,0.34196621369116864,0.03343199684942798,0.2699871853282705,8.0,0.0,-0.019668424502015114,5.985666839405894,-0.3557489514350891,6.76393202,6.64885899,5.0,8.0,trapezoidal,2
1785125746560021352,6.020153045654297,6.515421688556671,4.561563014984131,nan,7.495049953460693,0.8736358880996704,world,559984623,1785125746,nan,False,False,False,0.7223663926124573,True,nan,False,1.4447327852249146,True,normal,8.668396949768066,-0.5653000370418346,-0.0552660125495088,-0.44631241261959076,0.0,0.0,0.0,6.691863440461254,6.641813274874885,4.9431008323008045,0.28544831645257873,0.02790657917140188,0.22536550229294028,8.0,0.0,-0.019668424502015114,5.985666839405894,-0.3557489514350891,6.76393202,6.64885899,5.0,8.0,trapezoidal,2
1785125746660029762,6.109238147735596,6.527311861515045,4.619054794311523,nan,7.595068454742432,0.7671486139297485,world,660005356,1785125746,nan,False,False,False,0.7223663926124573,True,nan,False,1.4447327852249146,True,normal,8.668396949768066,-0.5653000370418346,-0.0552660125495088,-0.44631241261959076,0.0,0.0,0.0,6.717586045498771,6.6443280205314545,4.963409194517143,0.22890775916200334,0.022378946155262675,0.18072592882454974,8.0,0.0,-0.019668424502015114,5.985666839405894,-0.3557489514350891,6.76393202,6.64885899,5.0,8.0,trapezoidal,2
1785125746760014638,6.200496196746826,6.539832651615143,4.671049118041992,nan,7.695056915283203,0.661479651927948,world,759991084,1785125746,nan,False,False,False,0.7223663926124573,True,nan,False,1.4447327852249146,True,normal,8.668396949768066,-0.5653000370418346,-0.0552660125495088,-0.44631241261959076,0.0,0.0,0.0,6.737648322126918,6.646289389643873,4.979248647016395,0.17238431124234976,0.016852985820259375,0.13609986344764013,8.0,0.0,-0.019668424502015114,5.985666839405894,-0.3557489514350891,6.76393202,6.64885899,5.0,8.0,trapezoidal,2
1785125746860014181,6.275079250335693,6.549177408218384,4.71768856048584,nan,7.795042514801025,0.5732479095458984,world,859978575,1785125746,nan,False,False,False,0.7223663926124573,True,nan,False,1.4447327852249146,True,normal,8.668396949768066,-0.5653000370418346,-0.0552660125495088,-0.44631241261959076,0.0,0.0,0.0,6.7520585739300945,6.647698194004056,4.990625745596447,0.11586250043160295,0.01132718553562835,0.09147509059147696,8.0,0.0,-0.019668424502015114,5.985666839405894,-0.3557489514350891,6.76393202,6.64885899,5.0,8.0,trapezoidal,2
1785125746960030325,6.354269504547119,6.557553768157959,4.775292873382568,nan,7.895051002502441,0.4760811924934387,world,959987075,1785125746,nan,False,False,False,0.7223663926124573,True,nan,False,1.4447327852249146,True,normal,8.668396949768066,-0.5653000370418346,-0.0552660125495088,-0.44631241261959076,0.0,0.0,0.0,6.760818826907293,6.648554631681838,4.997542089812292,0.059327702983105635,0.005800115624891064,0.046840064600259024,8.0,0.0,-0.019668424502015114,5.985666839405894,-0.3557489514350891,6.76393202,6.64885899,5.0,8.0,trapezoidal,2
1785125747060002388,6.433567523956299,6.5665324330329895,4.824008464813232,nan,7.994993209838867,0.38326412439346313,world,59928731,1785125747,nan,False,False,False,0.7223663926124573,True,nan,False,1.4447327852249146,True,normal,8.668396949768066,-0.5653000370418346,-0.0552660125495088,-0.44631241261959076,0.0,0.0,0.0,6.7639249345898556,6.648858297301715,4.9999944059680015,0.002830329527660158,0.00027670443471655704,0.0022345853833810603,8.0,0.0,-0.019668424502015114,5.985666839405894,-0.3557489514350891,6.76393202,6.64885899,5.0,8.0,trapezoidal,2
1785125747159979020,6.500858306884766,6.574676990509033,4.858428001403809,nan,8.09500789642334,0.3078203797340393,world,159944335,1785125747,nan,False,True,False,0.7223663926124573,True,nan,False,1.4447327852249146,True,normal,8.668396949768066,0.0,0.0,0.0,0.0,0.0,0.0,6.76393202,6.64885899,5.0,0.0,0.0,0.0,8.0,0.0,-0.019668424502015114,5.985666839405894,-0.3557489514350891,6.76393202,6.64885899,5.0,8.0,trapezoidal,2
1785125747260020091,6.568286895751953,6.582169592380524,4.896499156951904,nan,8.195035934448242,0.23116426169872284,world,259970239,1785125747,nan,False,True,False,0.7223663926124573,True,nan,False,1.4447327852249146,True,normal,8.668396949768066,0.0,0.0,0.0,0.0,0.0,0.0,6.76393202,6.64885899,5.0,0.0,0.0,0.0,8.0,0.0,-0.019668424502015114,5.985666839405894,-0.3557489514350891,6.76393202,6.64885899,5.0,8.0,trapezoidal,2
1785125747360052186,6.626254558563232,6.586939334869385,4.939962387084961,nan,8.295066833496094,0.16246120631694794,world,360001963,1785125747,nan,False,True,False,0.7223663926124573,True,nan,False,1.4447327852249146,True,normal,8.668396949768066,0.0,0.0,0.0,0.0,0.0,0.0,6.76393202,6.64885899,5.0,0.0,0.0,0.0,8.0,0.0,-0.019668424502015114,5.985666839405894,-0.3557489514350891,6.76393202,6.64885899,5.0,8.0,trapezoidal,2
1785125747460036683,6.682128429412842,6.592178702354431,4.973199367523193,nan,8.395047187805176,0.10306675732135773,world,459982342,1785125747,nan,False,True,False,0.7223663926124573,True,nan,False,1.4447327852249146,True,normal,8.668396949768066,0.0,0.0,0.0,0.0,0.0,0.0,6.76393202,6.64885899,5.0,0.0,0.0,0.0,8.0,0.0,-0.019668424502015114,5.985666839405894,-0.3557489514350891,6.76393202,6.64885899,5.0,8.0,trapezoidal,2
1785125747560060131,6.727519989013672,6.596971392631531,4.993542671203613,nan,8.4950590133667,0.06371700018644333,world,559994830,1785125747,nan,False,True,False,0.7223663926124573,True,nan,False,1.4447327852249146,True,normal,8.668396949768066,0.0,0.0,0.0,0.0,0.0,0.0,6.76393202,6.64885899,5.0,0.0,0.0,0.0,8.0,0.0,-0.019668424502015114,5.985666839405894,-0.3557489514350891,6.76393202,6.64885899,5.0,8.0,trapezoidal,2
1785125747660102134,6.771204471588135,6.6014339327812195,5.01809549331665,nan,8.595069885253906,0.05127837136387825,world,660007108,1785125747,nan,False,True,False,0.7223663926124573,True,nan,False,1.4447327852249146,True,normal,8.668396949768066,0.0,0.0,0.0,0.0,0.0,0.0,6.76393202,6.64885899,5.0,0.0,0.0,0.0,8.0,0.0,-0.019668424502015114,5.985666839405894,-0.3557489514350891,6.76393202,6.64885899,5.0,8.0,trapezoidal,2
1785125747760124902,6.807406425476074,6.604337990283966,5.05105447769165,nan,8.695087432861328,0.08049038797616959,world,760025327,1785125747,nan,False,True,False,0.7223663926124573,True,nan,False,1.4447327852249146,True,normal,8.668396949768066,0.0,0.0,0.0,0.0,0.0,0.0,6.76393202,6.64885899,5.0,0.0,0.0,0.0,8.0,0.0,-0.019668424502015114,5.985666839405894,-0.3557489514350891,6.76393202,6.64885899,5.0,8.0,trapezoidal,2
1785125747860064575,6.840373516082764,6.607624292373657,5.073548316955566,0.7550078630447388,8.79504680633545,0.11381106078624725,world,859982302,1785125747,nan,False,True,True,0.7223663926124573,True,nan,False,1.4447327852249146,True,normal,8.668396949768066,0.0,0.0,0.0,0.0,0.0,0.0,6.76393202,6.64885899,5.0,0.0,0.0,0.0,8.0,0.0,-0.019668424502015114,5.985666839405894,-0.3557489514350891,6.76393202,6.64885899,5.0,8.0,trapezoidal,2
1785125747960008025,6.86544132232666,6.610768139362335,5.084561824798584,0.7550078630447388,8.895036697387695,0.13749819993972778,world,959970816,1785125747,nan,False,True,True,0.7223663926124573,True,nan,False,1.4447327852249146,True,normal,8.668396949768066,0.0,0.0,0.0,0.0,0.0,0.0,6.76393202,6.64885899,5.0,0.0,0.0,0.0,8.0,0.0,-0.019668424502015114,5.985666839405894,-0.3557489514350891,6.76393202,6.64885899,5.0,8.0,trapezoidal,2
1785125748060065888,6.887518405914307,6.612822651863098,5.099761962890625,0.7550078630447388,8.99504566192627,0.16286394000053406,world,59981872,1785125748,nan,False,True,True,0.7223663926124573,True,nan,False,1.4447327852249146,True,normal,8.668396949768066,0.0,0.0,0.0,0.0,0.0,0.0,6.76393202,6.64885899,5.0,0.0,0.0,0.0,8.0,0.0,-0.019668424502015114,5.985666839405894,-0.3557489514350891,6.76393202,6.64885899,5.0,8.0,trapezoidal,2
1785125748160056467,6.903780460357666,6.612201690673828,5.125321865081787,0.7550078630447388,9.095033645629883,0.19132933020591736,world,159968012,1785125748,nan,False,True,True,0.7223663926124573,True,nan,False,1.4447327852249146,True,normal,8.668396949768066,0.0,0.0,0.0,0.0,0.0,0.0,6.76393202,6.64885899,5.0,0.0,0.0,0.0,8.0,0.0,-0.019668424502015114,5.985666839405894,-0.3557489514350891,6.76393202,6.64885899,5.0,8.0,trapezoidal,2
1785125748260067794,6.916898250579834,6.611945867538452,5.14026403427124,0.7550078630447388,9.195047378540039,0.21079669892787933,world,259984139,1785125748,nan,False,True,True,0.7223663926124573,True,nan,False,1.4447327852249146,True,normal,8.668396949768066,0.0,0.0,0.0,0.0,0.0,0.0,6.76393202,6.64885899,5.0,0.0,0.0,0.0,8.0,0.0,-0.019668424502015114,5.985666839405894,-0.3557489514350891,6.76393202,6.64885899,5.0,8.0,trapezoidal,2
1785125748360007718,6.925327777862549,6.612166523933411,5.144960403442383,0.7550078630447388,9.29503059387207,0.22001919150352478,world,359966011,1785125748,nan,False,True,True,0.7223663926124573,True,nan,False,1.4447327852249146,True,normal,8.668396949768066,0.0,0.0,0.0,0.0,0.0,0.0,6.76393202,6.64885899,5.0,0.0,0.0,0.0,8.0,0.0,-0.019668424502015114,5.985666839405894,-0.3557489514350891,6.76393202,6.64885899,5.0,8.0,trapezoidal,2
1785125748460016641,6.931150436401367,6.611836552619934,5.154208660125732,0.7550078630447388,9.395027160644531,0.23046252131462097,world,459961158,1785125748,nan,False,True,True,0.7223663926124573,True,nan,False,1.4447327852249146,True,normal,8.668396949768066,0.0,0.0,0.0,0.0,0.0,0.0,6.76393202,6.64885899,5.0,0.0,0.0,0.0,8.0,0.0,-0.019668424502015114,5.985666839405894,-0.3557489514350891,6.76393202,6.64885899,5.0,8.0,trapezoidal,2
1785125748560029762,6.934107303619385,6.610021471977234,5.17521333694458,0.7550078630447388,9.495038986206055,0.24732103943824768,world,559976282,1785125748,nan,False,True,True,0.7223663926124573,True,nan,False,1.4447327852249146,True,normal,8.668396949768066,0.0,0.0,0.0,0.0,0.0,0.0,6.76393202,6.64885899,5.0,0.0,0.0,0.0,8.0,0.0,-0.019668424502015114,5.985666839405894,-0.3557489514350891,6.76393202,6.64885899,5.0,8.0,trapezoidal,2
1785125748660002757,6.934403896331787,6.6089728474617,5.185300827026367,0.7550078630447388,9.595039367675781,0.2549273669719696,world,659976188,1785125748,nan,False,True,True,0.7223663926124573,True,nan,False,1.4447327852249146,True,normal,8.668396949768066,0.0,0.0,0.0,0.0,0.0,0.0,6.76393202,6.64885899,5.0,0.0,0.0,0.0,8.0,0.0,-0.019668424502015114,5.985666839405894,-0.3557489514350891,6.76393202,6.64885899,5.0,8.0,trapezoidal,2
1785125748759994488,6.932450771331787,6.608763575553894,5.185513019561768,0.7550078630447388,9.695025444030762,0.2538135051727295,world,759959914,1785125748,nan,False,True,True,0.7223663926124573,True,nan,False,1.4447327852249146,True,normal,8.668396949768066,0.0,0.0,0.0,0.0,0.0,0.0,6.76393202,6.64885899,5.0,0.0,0.0,0.0,8.0,0.0,-0.019668424502015114,5.985666839405894,-0.3557489514350891,6.76393202,6.64885899,5.0,8.0,trapezoidal,2
1785125748859984375,6.928524971008301,6.607214033603668,5.1902756690979,0.7550078630447388,9.795023918151855,0.2550097405910492,world,859960160,1785125748,nan,False,True,True,0.7223663926124573,True,nan,False,1.4447327852249146,True,normal,8.668396949768066,0.0,0.0,0.0,0.0,0.0,0.0,6.76393202,6.64885899,5.0,0.0,0.0,0.0,8.0,0.0,-0.019668424502015114,5.985666839405894,-0.3557489514350891,6.76393202,6.64885899,5.0,8.0,trapezoidal,2
1785125748960015129,6.923802375793457,6.602880358695984,5.2079644203186035,0.7550078630447388,9.895044326782227,0.2663114070892334,world,959981336,1785125748,nan,False,True,True,0.7223663926124573,True,nan,False,1.4447327852249146,True,normal,8.668396949768066,0.0,0.0,0.0,0.0,0.0,0.0,6.76393202,6.64885899,5.0,0.0,0.0,0.0,8.0,0.0,-0.019668424502015114,5.985666839405894,-0.3557489514350891,6.76393202,6.64885899,5.0,8.0,trapezoidal,2
1785125749059965132,6.917255878448486,6.599717617034912,5.214876174926758,0.7550078630447388,9.995003700256348,0.2685048282146454,world,59937551,1785125749,nan,False,True,True,0.7223663926124573,True,nan,False,1.4447327852249146,True,normal,8.668396949768066,0.0,0.0,0.0,0.0,0.0,0.0,6.76393202,6.64885899,5.0,0.0,0.0,0.0,8.0,0.0,-0.019668424502015114,5.985666839405894,-0.3557489514350891,6.76393202,6.64885899,5.0,8.0,trapezoidal,2
1785125749160006226,6.910128116607666,6.59811806678772,5.212399482727051,0.7550078630447388,10.095014572143555,0.26279550790786743,world,159948348,1785125749,nan,False,True,True,0.7223663926124573,True,nan,False,1.4447327852249146,True,normal,8.668396949768066,0.0,0.0,0.0,0.0,0.0,0.0,6.76393202,6.64885899,5.0,0.0,0.0,0.0,8.0,0.0,-0.019668424502015114,5.985666839405894,-0.3557489514350891,6.76393202,6.64885899,5.0,8.0,trapezoidal,2
1785125749259994591,6.900228023529053,6.597177147865295,5.215089321136475,0.7550078630447388,10.195027351379395,0.2598288357257843,world,259963042,1785125749,nan,False,True,True,0.7223663926124573,True,nan,False,1.4447327852249146,True,normal,8.668396949768066,0.0,0.0,0.0,0.0,0.0,0.0,6.76393202,6.64885899,5.0,0.0,0.0,0.0,8.0,0.0,-0.019668424502015114,5.985666839405894,-0.3557489514350891,6.76393202,6.64885899,5.0,8.0,trapezoidal,2
1785125749359993716,6.88819694519043,6.596408247947693,5.231046199798584,0.7550078630447388,10.29502010345459,0.26753541827201843,world,359957830,1785125749,nan,False,True,True,0.7223663926124573,True,nan,False,1.4447327852249146,True,normal,8.668396949768066,0.0,0.0,0.0,0.0,0.0,0.0,6.76393202,6.64885899,5.0,0.0,0.0,0.0,8.0,0.0,-0.019668424502015114,5.985666839405894,-0.3557489514350891,6.76393202,6.64885899,5.0,8.0,trapezoidal,2
1785125749459973316,6.875591278076172,6.596688508987427,5.236001968383789,0.7550078630447388,10.395012855529785,0.26624515652656555,world,459946466,1785125749,nan,False,True,True,0.7223663926124573,True,nan,False,1.4447327852249146,True,normal,8.668396949768066,0.0,0.0,0.0,0.0,0.0,0.0,6.76393202,6.64885899,5.0,0.0,0.0,0.0,8.0,0.0,-0.019668424502015114,5.985666839405894,-0.3557489514350891,6.76393202,6.64885899,5.0,8.0,trapezoidal,2
1785125749559976999,6.864523410797119,6.5978341698646545,5.231683731079102,0.7550078630447388,10.495018005371094,0.2576810121536255,world,559953426,1785125749,nan,False,True,True,0.7223663926124573,True,nan,False,1.4447327852249146,True,normal,8.668396949768066,0.0,0.0,0.0,0.0,0.0,0.0,6.76393202,6.64885899,5.0,0.0,0.0,0.0,8.0,0.0,-0.019668424502015114,5.985666839405894,-0.3557489514350891,6.76393202,6.64885899,5.0,8.0,trapezoidal,2
1785125749659977437,6.851539611816406,6.598697781562805,5.231296062469482,0.7550078630447388,10.594990730285645,0.2523670196533203,world,659923848,1785125749,nan,False,True,True,0.7223663926124573,True,nan,False,1.4447327852249146,True,normal,8.668396949768066,0.0,0.0,0.0,0.0,0.0,0.0,6.76393202,6.64885899,5.0,0.0,0.0,0.0,8.0,0.0,-0.019668424502015114,5.985666839405894,-0.3557489514350891,6.76393202,6.64885899,5.0,8.0,trapezoidal,2
1785125749759988154,6.837351322174072,6.598109543323517,5.243893623352051,0.7550078630447388,10.695026397705078,0.2597113847732544,world,759960212,1785125749,nan,False,True,True,0.7223663926124573,True,nan,False,1.4447327852249146,True,normal,8.668396949768066,0.0,0.0,0.0,0.0,0.0,0.0,6.76393202,6.64885899,5.0,0.0,0.0,0.0,8.0,0.0,-0.019668424502015114,5.985666839405894,-0.3557489514350891,6.76393202,6.64885899,5.0,8.0,trapezoidal,2
