bag_time_ns,actual_pos_x,actual_pos_y,actual_pos_z,actual_velocity_x,actual_velocity_y,actual_velocity_z,arrival_time_error,elapsed_time,final_position_error,header_frame_id,header_stamp_nanosec,header_stamp_sec,integrated_squared_jerk,integrated_squared_jerk_valid,is_finished,is_hover_stable,ladrc_accel_feedforward_enabled,ladrc_acceleration_command_x,ladrc_acceleration_command_y,ladrc_acceleration_command_z,max_acceleration,max_acceleration_valid,max_jerk,max_jerk_valid,max_velocity,max_velocity_valid,mission_id,motion_style,path_length,reference_acceleration_x,reference_acceleration_y,reference_acceleration_z,reference_jerk_x,reference_jerk_y,reference_jerk_z,reference_pos_x,reference_pos_y,reference_pos_z,reference_velocity_x,reference_velocity_y,reference_velocity_z,requested_duration,safety_factor,start_pos_x,start_pos_y,start_pos_z,target_pos_x,target_pos_y,target_pos_z,tracking_error,trajectory_duration,trajectory_profile,uav_id
1785140513081543157,-0.006818378809839487,5.994450554717332,-0.3513157069683075,-0.02940354123711586,-0.005339524708688259,-0.17565475404262543,nan,-1.9064598083496094,8.654934883117676,world,81477703,1785140513,nan,False,False,False,False,-0.002994910979671207,0.00921663237474147,0.3403539413372386,nan,False,nan,False,nan,False,403,normal,8.652276039123535,0.0,0.0,0.0,0.0,0.0,0.0,-0.006752401124686003,5.994666084647179,-0.347125381231308,0.0,0.0,0.0,8.0,0.0,-0.006752401124686003,5.994666084647179,-0.347125381231308,6.76393202,6.64885899,5.0,0.004196383524686098,8.0,step,2
1785140513181501576,-0.007715461775660515,5.994180749170482,-0.358932763338089,-0.03010440804064274,-0.005261879879981279,-0.17758674919605255,nan,-1.8064683675765991,8.660367965698242,world,181468053,1785140513,nan,False,False,False,False,0.04427539614992371,0.018857970751442965,0.8319590721311337,nan,False,nan,False,nan,False,403,normal,8.652276039123535,0.0,0.0,0.0,0.0,0.0,0.0,-0.006752401124686003,5.994666084647179,-0.347125381231308,0.0,0.0,0.0,8.0,0.0,-0.006752401124686003,5.994666084647179,-0.347125381231308,6.76393202,6.64885899,5.0,0.011856529861688614,8.0,step,2
1785140513281503248,-0.008570375852286816,5.994074083399028,-0.3664668798446655,-0.030192019417881966,-0.004274917766451836,-0.179615318775177,nan,-1.7064616680145264,8.665708541870117,world,281475676,1785140513,nan,False,False,False,False,0.10455993113389866,0.02799399930101345,1.2949327777968067,nan,False,nan,False,nan,False,403,normal,8.652276039123535,0.0,0.0,0.0,0.0,0.0,0.0,-0.006752401124686003,5.994666084647179,-0.347125381231308,0.0,0.0,0.0,8.0,0.0,-0.006752401124686003,5.994666084647179,-0.347125381231308,6.76393202,6.64885899,5.0,0.019435767084360123,8.0,step,2
1785140513381538974,-0.0076051028445363045,5.994570534676313,-0.3663270175457001,-0.028923505917191505,-0.0033029576297849417,-0.17907916009426117,nan,-1.6064579486846924,8.66482925415039,world,381479782,1785140513,nan,False,False,False,False,-0.023691914347918567,-0.01792102277259202,0.5012671970966432,nan,False,nan,False,nan,False,403,normal,8.652276039123535,0.0,0.0,0.0,0.0,0.0,0.0,-0.006752401124686003,5.994666084647179,-0.347125381231308,0.0,0.0,0.0,8.0,0.0,-0.006752401124686003,5.994666084647179,-0.347125381231308,6.76393202,6.64885899,5.0,0.01922079734504223,8.0,step,2
1785140513481532700,-0.007775141857564449,5.994832690805197,-0.37144434452056885,-0.028506290167570114,-0.002486769575625658,-0.1803600937128067,nan,-1.5064644813537598,8.668112754821777,world,481471685,1785140513,nan,False,False,False,False,0.005137354860966394,-0.01738873985342012,1.0731643622210578,nan,False,nan,False,nan,False,403,normal,8.652276039123535,0.0,0.0,0.0,0.0,0.0,0.0,-0.006752401124686003,5.994666084647179,-0.347125381231308,0.0,0.0,0.0,8.0,0.0,-0.006752401124686003,5.994666084647179,-0.347125381231308,6.76393202,6.64885899,5.0,0.024341030046343803,8.0,step,2
1785140513581512551,-0.008748820051550865,5.9949680981226265,-0.37985891103744507,-0.028966553509235382,-0.0012939686421304941,-0.18217222392559052,nan,-1.4064687490463257,8.674079895019531,world,581468177,1785140513,nan,False,False,False,False,0.07009762192128499,-0.008656967520159427,1.6433408748335598,nan,False,nan,False,nan,False,403,normal,8.652276039123535,0.0,0.0,0.0,0.0,0.0,0.0,-0.006752401124686003,5.994666084647179,-0.347125381231308,0.0,0.0,0.0,8.0,0.0,-0.006752401124686003,5.994666084647179,-0.347125381231308,6.76393202,6.64885899,5.0,0.0327957458794117,8.0,step,2
1785140513681505376,-0.009369214065372944,5.995293392334133,-0.3877169191837311,-0.02934272773563862,-4.714383976534009e-05,-0.18432122468948364,nan,-1.3064618110656738,8.679415702819824,world,681474567,1785140513,nan,False,False,False,False,0.13365447763279878,-0.012896155840775192,2.175985587425698,nan,False,nan,False,nan,False,403,normal,8.652276039123535,0.0,0.0,0.0,0.0,0.0,0.0,-0.006752401124686003,5.994666084647179,-0.347125381231308,0.0,0.0,0.0,8.0,0.0,-0.006752401124686003,5.994666084647179,-0.347125381231308,6.76393202,6.64885899,5.0,0.04068063572049141,8.0,step,2
1785140513781517036,-0.007364974357187748,5.995783177670091,-0.3868752717971802,-0.028713824227452278,-2.535877501941286e-05,-0.18411022424697876,nan,-1.206464171409607,8.677291870117188,world,781471821,1785140513,nan,False,False,False,False,-0.06437924961586415,-0.03954912184465531,1.3152879906544594,nan,False,nan,False,nan,False,403,normal,8.652276039123535,0.0,0.0,0.0,0.0,0.0,0.0,-0.006752401124686003,5.994666084647179,-0.347125381231308,0.0,0.0,0.0,8.0,0.0,-0.006752401124686003,5.994666084647179,-0.347125381231308,6.76393202,6.64885899,5.0,0.039770301431417465,8.0,step,2
1785140513881523938,-0.006659361999481916,5.996096916031092,-0.391421377658844,-0.028868380934000015,0.0003059889131691307,-0.1855848729610443,nan,-1.1064614057540894,8.679540634155273,world,881474845,1785140513,nan,False,False,False,False,-0.04508435788471175,-0.037222001129683435,1.9603342535352626,nan,False,nan,False,nan,False,403,normal,8.652276039123535,0.0,0.0,0.0,0.0,0.0,0.0,-0.006752401124686003,5.994666084647179,-0.347125381231308,0.0,0.0,0.0,8.0,0.0,-0.006752401124686003,5.994666084647179,-0.347125381231308,6.76393202,6.64885899,5.0,0.04431919753551483,8.0,step,2
1785140513981547130,-0.006947643589228392,5.996400918578729,-0.39915716648101807,-0.0277713630348444,0.0024816442746669054,-0.1881866753101349,nan,-1.0064548254013062,8.684550285339355,world,981481446,1785140513,nan,False,False,False,False,0.019798912531914167,-0.04027555497222504,2.560531336080828,nan,False,nan,False,nan,False,403,normal,8.652276039123535,0.0,0.0,0.0,0.0,0.0,0.0,-0.006752401124686003,5.994666084647179,-0.347125381231308,0.0,0.0,0.0,8.0,0.0,-0.006752401124686003,5.994666084647179,-0.347125381231308,6.76393202,6.64885899,5.0,0.052061066031455994,8.0,step,2
1785140514081513344,-0.006832454353570938,5.996884843101725,-0.406136155128479,-0.02703959122300148,0.004393896088004112,-0.18971675634384155,nan,-0.9064533114433289,8.688764572143555,world,81483047,1785140514,nan,False,False,False,False,0.06838294959708713,-0.051350917693918675,3.1461435514511225,nan,False,nan,False,nan,False,403,normal,8.652276039123535,0.0,0.0,0.0,0.0,0.0,0.0,-0.006752401124686003,5.994666084647179,-0.347125381231308,0.0,0.0,0.0,8.0,0.0,-0.006752401124686003,5.994666084647179,-0.347125381231308,6.76393202,6.64885899,5.0,0.05905252695083618,8.0,step,2
1785140514181533641,-0.0043748244643211365,5.997642785077915,-0.40392178297042847,-0.026229383423924446,0.006111947353929281,-0.1892077773809433,nan,-0.8064398169517517,8.685415267944336,world,181497513,1785140514,nan,False,False,False,False,-0.1286421354264485,-0.08284530987700343,2.2292406258741884,nan,False,nan,False,nan,False,403,normal,8.652276039123535,0.0,0.0,0.0,0.0,0.0,0.0,-0.006752401124686003,5.994666084647179,-0.347125381231308,0.0,0.0,0.0,8.0,0.0,-0.006752401124686003,5.994666084647179,-0.347125381231308,6.76393202,6.64885899,5.0,0.05692402645945549,8.0,step,2
1785140514281504805,-0.0031231865286827087,5.998499508248642,-0.4076230227947235,-0.024494444951415062,0.0078204944729805,-0.18957515060901642,nan,-0.7064563632011414,8.686678886413574,world,281479627,1785140514,nan,False,False,False,False,-0.118677477312359,-0.10177230423467251,2.965365115276847,nan,False,nan,False,nan,False,403,normal,8.652276039123535,0.0,0.0,0.0,0.0,0.0,0.0,-0.006752401124686003,5.994666084647179,-0.347125381231308,0.0,0.0,0.0,8.0,0.0,-0.006752401124686003,5.994666084647179,-0.347125381231308,6.76393202,6.64885899,5.0,0.06072751432657242,8.0,step,2
1785140514381540100,-0.0030275227036327124,5.999307576450519,-0.41523614525794983,-0.02426430583000183,0.007800630759447813,-0.1911814659833908,nan,-0.606434166431427,8.691285133361816,world,381504743,1785140514,nan,False,False,False,False,-0.06366042826914661,-0.12109332932437299,3.6444339962804637,nan,False,nan,False,nan,False,403,normal,8.652276039123535,0.0,0.0,0.0,0.0,0.0,0.0,-0.006752401124686003,5.994666084647179,-0.347125381231308,0.0,0.0,0.0,8.0,0.0,-0.006752401124686003,5.994666084647179,-0.347125381231308,6.76393202,6.64885899,5.0,0.0683702751994133,8.0,step,2
1785140514481503359,-0.0030311543960124254,6.000282635097392,-0.4219213128089905,-0.02327987179160118,0.00949938502162695,-0.19270822405815125,nan,-0.5064554214477539,8.695382118225098,world,481480666,1785140514,nan,False,False,False,False,-0.01885260679031547,-0.14162999113610744,4.269703093194606,nan,False,nan,False,nan,False,403,normal,8.652276039123535,0.0,0.0,0.0,0.0,0.0,0.0,-0.006752401124686003,5.994666084647179,-0.347125381231308,0.0,0.0,0.0,8.0,0.0,-0.006752401124686003,5.994666084647179,-0.347125381231308,6.76393202,6.64885899,5.0,0.07509876787662506,8.0,step,2
1785140514581516452,-0.0017676427960395813,6.001228104811162,-0.41932329535484314,-0.021961797028779984,0.011184662580490112,-0.19277475774288177,nan,-0.406459778547287,8.692708969116211,world,581476086,1785140514,nan,False,False,False,False,-0.1294866737522728,-0.1675753333105921,3.3744675660915466,nan,False,nan,False,nan,False,403,normal,8.652276039123535,0.0,0.0,0.0,0.0,0.0,0.0,-0.006752401124686003,5.994666084647179,-0.347125381231308,0.0,0.0,0.0,8.0,0.0,-0.006752401124686003,5.994666084647179,-0.347125381231308,6.76393202,6.64885899,5.0,0.07266668230295181,8.0,step,2
1785140514681492685,-0.0015149114187806845,6.002310227137059,-0.4227144420146942,-0.022394798696041107,0.012768100015819073,-0.19313031435012817,nan,-0.3064715266227722,8.69454574584961,world,681465474,1785140514,nan,False,False,False,False,-0.11402948346935733,-0.1902770415183122,4.1592122363146276,nan,False,nan,False,nan,False,403,normal,8.652276039123535,0.0,0.0,0.0,0.0,0.0,0.0,-0.006752401124686003,5.994666084647179,-0.347125381231308,0.0,0.0,0.0,8.0,0.0,-0.006752401124686003,5.994666084647179,-0.347125381231308,6.76393202,6.64885899,5.0,0.0761549100279808,8.0,step,2
1785140514781535916,-0.002132390160113573,6.003424797672778,-0.42987486720085144,-0.02264312654733658,0.014080214314162731,-0.1941080540418625,nan,-0.20643919706344604,8.699411392211914,world,781497433,1785140514,nan,False,False,False,False,-0.06254464555256699,-0.22353816690647768,4.863926316034201,nan,False,nan,False,nan,False,403,normal,8.652276039123535,0.0,0.0,0.0,0.0,0.0,0.0,-0.006752401124686003,5.994666084647179,-0.347125381231308,0.0,0.0,0.0,8.0,0.0,-0.006752401124686003,5.994666084647179,-0.347125381231308,6.76393202,6.64885899,5.0,0.0833398848772049,8.0,step,2
1785140514881530283,-0.0028917884919792414,6.004233341664076,-0.43640637397766113,-0.02463030070066452,0.014743776991963387,-0.19520831108093262,nan,-0.10644527524709702,8.704019546508789,world,881490959,1785140514,nan,False,False,False,False,-0.012312822383076225,-0.25329371382449,5.533963188664599,nan,False,nan,False,nan,False,403,normal,8.652276039123535,0.0,0.0,0.0,0.0,0.0,0.0,-0.006752401124686003,5.994666084647179,-0.347125381231308,0.0,0.0,0.0,8.0,0.0,-0.006752401124686003,5.994666084647179,-0.347125381231308,6.76393202,6.64885899,5.0,0.08987509459257126,8.0,step,2
1785140514981537525,-0.0022378021385520697,6.003983591683209,-0.4338553249835968,-0.024119213223457336,0.014718557707965374,-0.19375312328338623,nan,-0.006434083916246891,8.701936721801758,world,981505154,1785140514,nan,False,False,False,False,-0.11859143740625706,-0.19648082338496925,4.710864802640131,nan,False,nan,False,nan,False,403,normal,8.652276039123535,0.0,0.0,0.0,0.0,0.0,0.0,-0.006752401124686003,5.994666084647179,-0.347125381231308,0.0,0.0,0.0,8.0,0.0,-0.006752401124686003,5.994666084647179,-0.347125381231308,6.76393202,6.64885899,5.0,0.08734575659036636,8.0,step,2
1785140515081543595,-0.0025141516234725714,6.004179283510894,-0.4369869530200958,-0.018389346078038216,0.016090229153633118,-0.17603594064712524,nan,0.09355634450912476,8.704092979431152,world,81492489,1785140515,nan,False,False,False,False,5.0,3.0116556065879,8.0,nan,False,nan,False,nan,False,403,normal,8.652276039123535,0.0,0.0,0.0,0.0,0.0,0.0,6.76393202,6.64885899,5.0,0.0,0.0,0.0,8.0,0.0,-0.006752401124686003,5.994666084647179,-0.347125381231308,6.76393202,6.64885899,5.0,8.704092979431152,8.0,step,2
1785140515181542542,-0.0017331750132143497,6.004791504703462,-0.4392727017402649,0.008192405104637146,0.017009032890200615,-0.10232609510421753,nan,0.1935577541589737,8.70486831665039,world,181494240,1785140515,nan,False,False,False,False,5.0,3.408535398362403,8.0,nan,False,nan,False,nan,False,403,normal,8.652276039123535,0.0,0.0,0.0,0.0,0.0,0.0,6.76393202,6.64885899,5.0,0.0,0.0,0.0,8.0,0.0,-0.006752401124686003,5.994666084647179,-0.347125381231308,6.76393202,6.64885899,5.0,8.70486831665039,8.0,step,2
1785140515281536599,0.002594564575701952,6.005001078825444,-0.43168386816978455,0.054900072515010834,0.016260633245110512,-0.004880031570792198,nan,0.293562650680542,8.696747779846191,world,281500490,1785140515,nan,False,False,False,False,5.0,4.3575758011579495,8.0,nan,False,nan,False,nan,False,403,normal,8.652276039123535,0.0,0.0,0.0,0.0,0.0,0.0,6.76393202,6.64885899,5.0,0.0,0.0,0.0,8.0,0.0,-0.006752401124686003,5.994666084647179,-0.347125381231308,6.76393202,6.64885899,5.0,8.696747779846191,8.0,step,2
1785140515381518803,0.014353587292134762,6.003195831086487,-0.40533047914505005,0.17484144866466522,-0.0032889684662222862,0.12776878476142883,nan,0.39355558156967163,8.67129135131836,world,381492073,1785140515,nan,False,False,False,False,5.0,5.0,8.0,nan,False,nan,False,nan,False,403,normal,8.652276039123535,0.0,0.0,0.0,0.0,0.0,0.0,6.76393202,6.64885899,5.0,0.0,0.0,0.0,8.0,0.0,-0.006752401124686003,5.994666084647179,-0.347125381231308,6.76393202,6.64885899,5.0,8.67129135131836,8.0,step,2
1785140515481529171,0.0511508472263813,6.000207980308915,-0.36442258954048157,0.5380377769470215,-0.004767507780343294,0.34381207823753357,nan,0.4935608208179474,8.617378234863281,world,481496981,1785140515,nan,False,False,False,False,5.0,5.0,8.0,nan,False,nan,False,nan,False,403,normal,8.652276039123535,0.0,0.0,0.0,0.0,0.0,0.0,6.76393202,6.64885899,5.0,0.0,0.0,0.0,8.0,0.0,-0.006752401124686003,5.994666084647179,-0.347125381231308,6.76393202,6.64885899,5.0,8.617378234863281,8.0,step,2
1785140515581547444,0.12411019206047058,5.998920708661899,-0.3158760666847229,0.9780640602111816,0.015252801589667797,0.4315595030784607,nan,0.5935604572296143,8.530426979064941,world,581496879,1785140515,nan,False,False,False,False,5.0,5.0,8.0,nan,False,nan,False,nan,False,403,normal,8.652276039123535,0.0,0.0,0.0,0.0,0.0,0.0,6.76393202,6.64885899,5.0,0.0,0.0,0.0,8.0,0.0,-0.006752401124686003,5.994666084647179,-0.347125381231308,6.76393202,6.64885899,5.0,8.530426979064941,8.0,step,2
1785140515681535861,0.24169975519180298,6.001985843060538,-0.2526320219039917,1.4986006021499634,0.07978310436010361,0.5522904396057129,nan,0.6935592889785767,8.3992919921875,world,681496086,1785140515,nan,False,False,False,False,5.0,5.0,8.0,nan,False,nan,False,nan,False,403,normal,8.652276039123535,0.0,0.0,0.0,0.0,0.0,0.0,6.76393202,6.64885899,5.0,0.0,0.0,0.0,8.0,0.0,-0.006752401124686003,5.994666084647179,-0.347125381231308,6.76393202,6.64885899,5.0,8.3992919921875,8.0,step,2
1785140515781551318,0.3689762353897095,6.012794774957001,-0.17099517583847046,1.9607150554656982,0.18127880990505219,0.7873818874359131,nan,0.7935857772827148,8.248589515686035,world,781524427,1785140515,nan,False,False,False,False,5.0,5.0,8.0,nan,False,nan,False,nan,False,403,normal,8.652276039123535,0.0,0.0,0.0,0.0,0.0,0.0,6.76393202,6.64885899,5.0,0.0,0.0,0.0,8.0,0.0,-0.006752401124686003,5.994666084647179,-0.347125381231308,6.76393202,6.64885899,5.0,8.248589515686035,8.0,step,2
1785140515881559312,0.5687721967697144,6.037505302578211,-0.047158993780612946,2.470719814300537,0.31404340267181396,1.2836650609970093,nan,0.8935835361480713,8.01421070098877,world,881522232,1785140515,nan,False,False,False,False,5.0,5.0,8.0,nan,False,nan,False,nan,False,403,normal,8.652276039123535,0.0,0.0,0.0,0.0,0.0,0.0,6.76393202,6.64885899,5.0,0.0,0.0,0.0,8.0,0.0,-0.006752401124686003,5.994666084647179,-0.347125381231308,6.76393202,6.64885899,5.0,8.01421070098877,8.0,step,2
1785140515981561294,0.8017969131469727,6.070948280394077,0.09923665970563889,2.836862802505493,0.39790159463882446,1.5160213708877563,nan,0.9935909509658813,7.739413261413574,world,981528021,1785140515,nan,False,False,False,False,5.0,5.0,8.0,nan,False,nan,False,nan,False,403,normal,8.652276039123535,0.0,0.0,0.0,0.0,0.0,0.0,6.76393202,6.64885899,5.0,0.0,0.0,0.0,8.0,0.0,-0.006752401124686003,5.994666084647179,-0.347125381231308,6.76393202,6.64885899,5.0,7.739413261413574,8.0,step,2
1785140516081544761,1.0937961339950562,6.113369457423687,0.279076486825943,3.275665283203125,0.47818827629089355,1.7682503461837769,nan,1.093564748764038,7.39758825302124,world,81501159,1785140516,nan,False,False,False,False,5.0,5.0,8.0,nan,False,nan,False,nan,False,403,normal,8.652276039123535,0.0,0.0,0.0,0.0,0.0,0.0,6.76393202,6.64885899,5.0,0.0,0.0,0.0,8.0,0.0,-0.006752401124686003,5.994666084647179,-0.347125381231308,6.76393202,6.64885899,5.0,7.39758825302124,8.0,step,2
1785140516181562002,1.3775417804718018,6.146674558520317,0.4673427939414978,3.6686980724334717,0.5275423526763916,1.9521244764328003,nan,1.1935913562774658,7.05764627456665,world,181528469,1785140516,nan,False,False,False,False,5.0,5.0,8.0,nan,False,nan,False,nan,False,403,normal,8.652276039123535,0.0,0.0,0.0,0.0,0.0,0.0,6.76393202,6.64885899,5.0,0.0,0.0,0.0,8.0,0.0,-0.006752401124686003,5.994666084647179,-0.347125381231308,6.76393202,6.64885899,5.0,7.05764627456665,8.0,step,2
1785140516281526804,1.738388180732727,6.190515384078026,0.6889352798461914,4.007187366485596,0.561612606048584,2.1381053924560547,nan,1.2935683727264404,6.637126445770264,world,281504822,1785140516,nan,False,False,False,False,5.0,5.0,8.0,nan,False,nan,False,nan,False,403,normal,8.652276039123535,0.0,0.0,0.0,0.0,0.0,0.0,6.76393202,6.64885899,5.0,0.0,0.0,0.0,8.0,0.0,-0.006752401124686003,5.994666084647179,-0.347125381231308,6.76393202,6.64885899,5.0,6.637126445770264,8.0,step,2
1785140516381528425,2.1045238971710205,6.234695255756378,0.9057861566543579,4.164868354797363,0.5636807680130005,2.2502832412719727,nan,1.3935481309890747,6.2164459228515625,world,381485083,1785140516,nan,False,False,False,False,5.0,4.938516254441717,8.0,nan,False,nan,False,nan,False,403,normal,8.652276039123535,0.0,0.0,0.0,0.0,0.0,0.0,6.76393202,6.64885899,5.0,0.0,0.0,0.0,8.0,0.0,-0.006752401124686003,5.994666084647179,-0.347125381231308,6.76393202,6.64885899,5.0,6.2164459228515625,8.0,step,2
1785140516481567016,2.516326427459717,6.28438338637352,1.1528170108795166,4.197515487670898,0.549604594707489,2.344346523284912,nan,1.4935804605484009,5.742456912994385,world,481517022,1785140516,nan,False,False,False,False,5.0,4.671771959312365,8.0,nan,False,nan,False,nan,False,403,normal,8.652276039123535,0.0,0.0,0.0,0.0,0.0,0.0,6.76393202,6.64885899,5.0,0.0,0.0,0.0,8.0,0.0,-0.006752401124686003,5.994666084647179,-0.347125381231308,6.76393202,6.64885899,5.0,5.742456912994385,8.0,step,2
1785140516581564360,2.8940823078155518,6.3320775628089905,1.3939452171325684,4.138356685638428,0.5345364212989807,2.4098920822143555,nan,1.593568205833435,5.29902982711792,world,581504507,1785140516,nan,False,False,False,False,5.0,4.311219730556688,8.0,nan,False,nan,False,nan,False,403,normal,8.652276039123535,0.0,0.0,0.0,0.0,0.0,0.0,6.76393202,6.64885899,5.0,0.0,0.0,0.0,8.0,0.0,-0.006752401124686003,5.994666084647179,-0.347125381231308,6.76393202,6.64885899,5.0,5.29902982711792,8.0,step,2
1785140516681538940,3.300786018371582,6.383190333843231,1.6576638221740723,4.01857328414917,0.5149814486503601,2.4604053497314453,nan,1.693575382232666,4.820287227630615,world,681511348,1785140516,nan,False,False,False,False,5.0,4.117975984083568,8.0,nan,False,nan,False,nan,False,403,normal,8.652276039123535,0.0,0.0,0.0,0.0,0.0,0.0,6.76393202,6.64885899,5.0,0.0,0.0,0.0,8.0,0.0,-0.006752401124686003,5.994666084647179,-0.347125381231308,6.76393202,6.64885899,5.0,4.820287227630615,8.0,step,2
1785140516781555299,3.6680567264556885,6.42944073677063,1.9031052589416504,3.8705132007598877,0.49661749601364136,2.498126268386841,nan,1.7935782670974731,4.384443759918213,world,781514292,1785140516,nan,False,False,False,False,4.888263885509431,3.7929698455828316,8.0,nan,False,nan,False,nan,False,403,normal,8.652276039123535,0.0,0.0,0.0,0.0,0.0,0.0,6.76393202,6.64885899,5.0,0.0,0.0,0.0,8.0,0.0,-0.006752401124686003,5.994666084647179,-0.347125381231308,6.76393202,6.64885899,5.0,4.384443759918213,8.0,step,2
1785140516881554576,4.0622358322143555,6.479676902294159,2.1742167472839355,3.681795835494995,0.4747665226459503,2.536466598510742,nan,1.8935781717300415,3.9131619930267334,world,881514621,1785140516,nan,False,False,False,False,4.5670825554932435,3.54027377568569,8.0,nan,False,nan,False,nan,False,403,normal,8.652276039123535,0.0,0.0,0.0,0.0,0.0,0.0,6.76393202,6.64885899,5.0,0.0,0.0,0.0,8.0,0.0,-0.006752401124686003,5.994666084647179,-0.347125381231308,6.76393202,6.64885899,5.0,3.9131619930267334,8.0,step,2
1785140516981554044,4.435959815979004,6.5273118019104,2.429616689682007,3.508575677871704,0.4433145523071289,2.4932286739349365,nan,1.9935877323150635,3.4700286388397217,world,981525289,1785140516,nan,False,False,False,False,1.4397870468561207,2.8872906679170467,8.0,nan,False,nan,False,nan,False,403,normal,8.652276039123535,0.0,0.0,0.0,0.0,0.0,0.0,6.76393202,6.64885899,5.0,0.0,0.0,0.0,8.0,0.0,-0.006752401124686003,5.994666084647179,-0.347125381231308,6.76393202,6.64885899,5.0,3.4700286388397217,8.0,step,2
1785140517081563480,4.814630508422852,6.57359904050827,2.692927122116089,3.3058888912200928,0.39601022005081177,2.3552699089050293,nan,2.093585968017578,3.0212621688842773,world,81522522,1785140517,nan,False,False,False,False,0.7830902352960019,2.649977936170448,8.0,nan,False,nan,False,nan,False,403,normal,8.652276039123535,0.0,0.0,0.0,0.0,0.0,0.0,6.76393202,6.64885899,5.0,0.0,0.0,0.0,8.0,0.0,-0.006752401124686003,5.994666084647179,-0.347125381231308,6.76393202,6.64885899,5.0,3.0212621688842773,8.0,step,2
1785140517181560432,5.140248775482178,6.610481142997742,2.918520450592041,3.105003833770752,0.34729695320129395,2.1844112873077393,nan,2.1935808658599854,2.6401472091674805,world,181517121,1785140517,nan,False,False,False,False,-0.5043801613080721,2.450108369058836,8.0,nan,False,nan,False,nan,False,403,normal,8.652276039123535,0.0,0.0,0.0,0.0,0.0,0.0,6.76393202,6.64885899,5.0,0.0,0.0,0.0,8.0,0.0,-0.006752401124686003,5.994666084647179,-0.347125381231308,6.76393202,6.64885899,5.0,2.6401472091674805,8.0,step,2
1785140517281561012,5.476894855499268,6.645918190479279,3.146657705307007,2.876647710800171,0.29473021626472473,1.9794230461120605,nan,2.293578624725342,2.2564022541046143,world,281515656,1785140517,nan,False,False,False,False,-1.1407049909134361,2.38422913384301,8.0,nan,False,nan,False,nan,False,403,normal,8.652276039123535,0.0,0.0,0.0,0.0,0.0,0.0,6.76393202,6.64885899,5.0,0.0,0.0,0.0,8.0,0.0,-0.006752401124686003,5.994666084647179,-0.347125381231308,6.76393202,6.64885899,5.0,2.2564022541046143,8.0,step,2
1785140517381577080,5.789363861083984,6.678352415561676,3.348097324371338,2.669032335281372,0.252145379781723,1.7891209125518799,nan,2.3935983180999756,1.9181854724884033,world,381535312,1785140517,nan,False,False,False,False,-4.816180610020423,1.8239928827104919,8.0,nan,False,nan,False,nan,False,403,normal,8.652276039123535,0.0,0.0,0.0,0.0,0.0,0.0,6.76393202,6.64885899,5.0,0.0,0.0,0.0,8.0,0.0,-0.006752401124686003,5.994666084647179,-0.347125381231308,6.76393202,6.64885899,5.0,1.9181854724884033,8.0,step,2
1785140517481564054,6.092591285705566,6.706891417503357,3.5397937297821045,2.4250340461730957,0.21013404428958893,1.5841768980026245,nan,2.493586301803589,1.6081879138946533,world,481523137,1785140517,nan,False,False,False,False,-5.0,1.6729800190555544,8.0,nan,False,nan,False,nan,False,403,normal,8.652276039123535,0.0,0.0,0.0,0.0,0.0,0.0,6.76393202,6.64885899,5.0,0.0,0.0,0.0,8.0,0.0,-0.006752401124686003,5.994666084647179,-0.347125381231308,6.76393202,6.64885899,5.0,1.6081879138946533,8.0,step,2
1785140517581584862,6.340883731842041,6.728204786777496,3.6944518089294434,2.1859242916107178,0.17433376610279083,1.4027043581008911,nan,2.593613862991333,1.374671459197998,world,581552020,1785140517,nan,False,False,False,False,-5.0,1.5251441220145532,8.0,nan,False,nan,False,nan,False,403,normal,8.652276039123535,0.0,0.0,0.0,0.0,0.0,0.0,6.76393202,6.64885899,5.0,0.0,0.0,0.0,8.0,0.0,-0.006752401124686003,5.994666084647179,-0.347125381231308,6.76393202,6.64885899,5.0,1.374671459197998,8.0,step,2
1785140517681541689,6.586338043212891,6.748492240905762,3.8463103771209717,1.9232962131500244,0.13695809245109558,1.223726511001587,nan,2.6935853958129883,1.1715229749679565,world,681521561,1785140517,nan,False,False,False,False,-5.0,1.4120422501271963,8.0,nan,False,nan,False,nan,False,403,normal,8.652276039123535,0.0,0.0,0.0,0.0,0.0,0.0,6.76393202,6.64885899,5.0,0.0,0.0,0.0,8.0,0.0,-0.006752401124686003,5.994666084647179,-0.347125381231308,6.76393202,6.64885899,5.0,1.1715229749679565,8.0,step,2
1785140517781602872,6.808506488800049,6.768552482128143,3.983168601989746,1.693603515625,0.10851473361253738,1.075621485710144,nan,2.7936010360717773,1.0248216390609741,world,781537850,1785140517,nan,False,False,False,False,-5.0,0.8329302670604486,8.0,nan,False,nan,False,nan,False,403,normal,8.652276039123535,0.0,0.0,0.0,0.0,0.0,0.0,6.76393202,6.64885899,5.0,0.0,0.0,0.0,8.0,0.0,-0.006752401124686003,5.994666084647179,-0.347125381231308,6.76393202,6.64885899,5.0,1.0248216390609741,8.0,step,2
1785140517881573345,7.010910511016846,6.785325050354004,4.108329772949219,1.442856788635254,0.07714489102363586,0.9252937436103821,nan,2.893597364425659,0.9352524280548096,world,881533670,1785140517,nan,False,False,False,False,-5.0,0.6258288540394445,8.0,nan,False,nan,False,nan,False,403,normal,8.652276039123535,0.0,0.0,0.0,0.0,0.0,0.0,6.76393202,6.64885899,5.0,0.0,0.0,0.0,8.0,0.0,-0.006752401124686003,5.994666084647179,-0.347125381231308,6.76393202,6.64885899,5.0,0.9352524280548096,8.0,step,2
1785140517981553135,7.165424823760986,6.79664534330368,4.205410480499268,1.2139018774032593,0.04859476909041405,0.7978010177612305,nan,2.9935874938964844,0.9024465680122375,world,981523740,1785140517,nan,False,False,False,False,-5.0,0.4805122805549962,8.0,nan,False,nan,False,nan,False,403,normal,8.652276039123535,0.0,0.0,0.0,0.0,0.0,0.0,6.76393202,6.64885899,5.0,0.0,0.0,0.0,8.0,0.0,-0.006752401124686003,5.994666084647179,-0.347125381231308,6.76393202,6.64885899,5.0,0.9024465680122375,8.0,step,2
1785140518081594401,7.308272361755371,6.805548846721649,4.299671173095703,0.9739780426025391,0.01867184229195118,0.6774124503135681,nan,3.093611240386963,0.9007322788238525,world,81549406,1785140518,nan,False,False,False,False,-5.0,0.37161517900811536,8.0,nan,False,nan,False,nan,False,403,normal,8.652276039123535,0.0,0.0,0.0,0.0,0.0,0.0,6.76393202,6.64885899,5.0,0.0,0.0,0.0,8.0,0.0,-0.006752401124686003,5.994666084647179,-0.347125381231308,6.76393202,6.64885899,5.0,0.9007322788238525,8.0,step,2
1785140518181611262,7.432820796966553,6.812203764915466,4.387716293334961,0.774027943611145,-0.007855179719626904,0.5826598405838013,nan,3.1936028003692627,0.9214038252830505,world,181540137,1785140518,nan,False,False,False,False,-5.0,0.09754453077864433,8.0,nan,False,nan,False,nan,False,403,normal,8.652276039123535,0.0,0.0,0.0,0.0,0.0,0.0,6.76393202,6.64885899,5.0,0.0,0.0,0.0,8.0,0.0,-0.006752401124686003,5.994666084647179,-0.347125381231308,6.76393202,6.64885899,5.0,0.9214038252830505,8.0,step,2
1785140518281572887,7.5349931716918945,6.8149736523628235,4.464985370635986,0.5662240982055664,-0.0348287969827652,0.4861595332622528,nan,3.2935993671417236,0.9530844688415527,world,281536639,1785140518,nan,False,False,False,False,-5.0,0.016062864588991532,8.0,nan,False,nan,False,nan,False,403,normal,8.652276039123535,0.0,0.0,0.0,0.0,0.0,0.0,6.76393202,6.64885899,5.0,0.0,0.0,0.0,8.0,0.0,-0.006752401124686003,5.994666084647179,-0.347125381231308,6.76393202,6.64885899,5.0,0.9530844688415527,8.0,step,2
1785140518381562336,7.6024627685546875,6.8140252232551575,4.522640705108643,0.38277381658554077,-0.056918490678071976,0.4072889983654022,nan,3.393604278564453,0.9789206385612488,world,381540625,1785140518,nan,False,False,False,False,-5.0,-0.012401784602576349,8.0,nan,False,nan,False,nan,False,403,normal,8.652276039123535,0.0,0.0,0.0,0.0,0.0,0.0,6.76393202,6.64885899,5.0,0.0,0.0,0.0,8.0,0.0,-0.006752401124686003,5.994666084647179,-0.347125381231308,6.76393202,6.64885899,5.0,0.9789206385612488,8.0,step,2
1785140518481581921,7.653088092803955,6.810368061065674,4.5790791511535645,0.19847723841667175,-0.07837465405464172,0.33884888887405396,nan,3.493596076965332,0.9969242811203003,world,481532017,1785140518,nan,False,False,False,False,-5.0,-0.03177185125526982,8.0,nan,False,nan,False,nan,False,403,normal,8.652276039123535,0.0,0.0,0.0,0.0,0.0,0.0,6.76393202,6.64885899,5.0,0.0,0.0,0.0,8.0,0.0,-0.006752401124686003,5.994666084647179,-0.347125381231308,6.76393202,6.64885899,5.0,0.9969242811203003,8.0,step,2
1785140518581612728,7.687502384185791,6.8061403632164,4.636403560638428,0.04820316284894943,-0.0941624864935875,0.2867879569530487,nan,3.593618392944336,1.0049487352371216,world,581557012,1785140518,nan,False,False,False,False,-5.0,-0.16147630730611612,8.0,nan,False,nan,False,nan,False,403,normal,8.652276039123535,0.0,0.0,0.0,0.0,0.0,0.0,6.76393202,6.64885899,5.0,0.0,0.0,0.0,8.0,0.0,-0.006752401124686003,5.994666084647179,-0.347125381231308,6.76393202,6.64885899,5.0,1.0049487352371216,8.0,step,2
1785140518681597407,7.702356338500977,6.799025774002075,4.684519290924072,-0.09710118919610977,-0.10738302022218704,0.22954507172107697,nan,3.6936237812042236,1.0013582706451416,world,681561679,1785140518,nan,False,False,False,False,-5.0,-0.18458669597416388,8.0,nan,False,nan,False,nan,False,403,normal,8.652276039123535,0.0,0.0,0.0,0.0,0.0,0.0,6.76393202,6.64885899,5.0,0.0,0.0,0.0,8.0,0.0,-0.006752401124686003,5.994666084647179,-0.347125381231308,6.76393202,6.64885899,5.0,1.0013582706451416,8.0,step,2
1785140518781593939,7.698488235473633,6.790534973144531,4.718682289123535,-0.21614736318588257,-0.11733027547597885,0.18374747037887573,nan,3.793607234954834,0.986208438873291,world,781543664,1785140518,nan,False,False,False,False,-5.0,-0.15576571586156263,8.0,nan,False,nan,False,nan,False,403,normal,8.652276039123535,0.0,0.0,0.0,0.0,0.0,0.0,6.76393202,6.64885899,5.0,0.0,0.0,0.0,8.0,0.0,-0.006752401124686003,5.994666084647179,-0.347125381231308,6.76393202,6.64885899,5.0,0.986208438873291,8.0,step,2
1785140518881599457,7.678994178771973,6.779748976230621,4.751368045806885,-0.3280525803565979,-0.1259455531835556,0.14468899369239807,nan,3.893604040145874,0.957229733467102,world,881541007,1785140518,nan,False,False,False,False,-5.0,-0.14081204783071735,8.0,nan,False,nan,False,nan,False,403,normal,8.652276039123535,0.0,0.0,0.0,0.0,0.0,0.0,6.76393202,6.64885899,5.0,0.0,0.0,0.0,8.0,0.0,-0.006752401124686003,5.994666084647179,-0.347125381231308,6.76393202,6.64885899,5.0,0.957229733467102,8.0,step,2
1785140518981600959,7.65198278427124,6.768473863601685,4.792418479919434,-0.4124959111213684,-0.13231898844242096,0.1192840114235878,nan,3.993604898452759,0.9197999835014343,world,981540895,1785140518,nan,False,False,False,False,-5.0,-0.07485212127133928,7.377083412636933,nan,False,nan,False,nan,False,403,normal,8.652276039123535,0.0,0.0,0.0,0.0,0.0,0.0,6.76393202,6.64885899,5.0,0.0,0.0,0.0,8.0,0.0,-0.006752401124686003,5.994666084647179,-0.347125381231308,6.76393202,6.64885899,5.0,0.9197999835014343,8.0,step,2
1785140519081603271,7.614649295806885,6.756447911262512,4.8226728439331055,-0.4810138940811157,-0.1345120221376419,0.08672215044498444,nan,4.0936279296875,0.8756369948387146,world,81565139,1785140519,nan,False,False,False,False,-5.0,-0.030983565120297707,7.999497449954886,nan,False,nan,False,nan,False,403,normal,8.652276039123535,0.0,0.0,0.0,0.0,0.0,0.0,6.76393202,6.64885899,5.0,0.0,0.0,0.0,8.0,0.0,-0.006752401124686003,5.994666084647179,-0.347125381231308,6.76393202,6.64885899,5.0,0.8756369948387146,8.0,step,2
1785140519181587129,7.565235137939453,6.74294650554657,4.8457794189453125,-0.5375391840934753,-0.13613972067832947,0.05369742959737778,nan,4.193607330322266,0.8214153051376343,world,181544198,1785140519,nan,False,False,False,False,-5.0,0.054681367526759034,8.0,nan,False,nan,False,nan,False,403,normal,8.652276039123535,0.0,0.0,0.0,0.0,0.0,0.0,6.76393202,6.64885899,5.0,0.0,0.0,0.0,8.0,0.0,-0.006752401124686003,5.994666084647179,-0.347125381231308,6.76393202,6.64885899,5.0,0.8214153051376343,8.0,step,2
1785140519281587388,7.506033897399902,6.729181170463562,4.867203235626221,-0.5824114084243774,-0.13530822098255157,0.030797811225056648,nan,4.29360818862915,0.7581568360328674,world,281544817,1785140519,nan,False,False,False,False,-5.0,0.10015950698852359,8.0,nan,False,nan,False,nan,False,403,normal,8.652276039123535,0.0,0.0,0.0,0.0,0.0,0.0,6.76393202,6.64885899,5.0,0.0,0.0,0.0,8.0,0.0,-0.006752401124686003,5.994666084647179,-0.347125381231308,6.76393202,6.64885899,5.0,0.7581568360328674,8.0,step,2
1785140519381568060,7.439836025238037,6.716425836086273,4.896027088165283,-0.6146248579025269,-0.13271567225456238,0.016472846269607544,nan,4.393607139587402,0.6871840357780457,world,381543153,1785140519,nan,False,False,False,False,-4.696511554223696,0.19618412287421264,6.975025571100446,nan,False,nan,False,nan,False,403,normal,8.652276039123535,0.0,0.0,0.0,0.0,0.0,0.0,6.76393202,6.64885899,5.0,0.0,0.0,0.0,8.0,0.0,-0.006752401124686003,5.994666084647179,-0.347125381231308,6.76393202,6.64885899,5.0,0.6871840357780457,8.0,step,2
1785140519481594548,7.36684513092041,6.702939331531525,4.9167022705078125,-0.6323479413986206,-0.12861402332782745,-0.007357061840593815,nan,4.493610858917236,0.6110379695892334,world,481547770,1785140519,nan,False,False,False,False,-4.362640850519747,0.25885204295015635,7.6383442752698985,nan,False,nan,False,nan,False,403,normal,8.652276039123535,0.0,0.0,0.0,0.0,0.0,0.0,6.76393202,6.64885899,5.0,0.0,0.0,0.0,8.0,0.0,-0.006752401124686003,5.994666084647179,-0.347125381231308,6.76393202,6.64885899,5.0,0.6110379695892334,8.0,step,2
1785140519581588565,7.299510955810547,6.690944671630859,4.928352355957031,-0.6349184513092041,-0.12214028835296631,-0.0246308334171772,nan,4.593610763549805,0.5419865250587463,world,581547698,1785140519,nan,False,False,False,False,-4.141657083924104,0.3557913765257632,8.0,nan,False,nan,False,nan,False,403,normal,8.652276039123535,0.0,0.0,0.0,0.0,0.0,0.0,6.76393202,6.64885899,5.0,0.0,0.0,0.0,8.0,0.0,-0.006752401124686003,5.994666084647179,-0.347125381231308,6.76393202,6.64885899,5.0,0.5419865250587463,8.0,step,2
1785140519681635702,7.224209308624268,6.677876830101013,4.941112995147705,-0.625951886177063,-0.1161295473575592,-0.03529055789113045,nan,4.693619728088379,0.4649353623390198,world,681556743,1785140519,nan,False,False,False,False,-4.044215297606037,0.42202226730496156,8.0,nan,False,nan,False,nan,False,403,normal,8.652276039123535,0.0,0.0,0.0,0.0,0.0,0.0,6.76393202,6.64885899,5.0,0.0,0.0,0.0,8.0,0.0,-0.006752401124686003,5.994666084647179,-0.347125381231308,6.76393202,6.64885899,5.0,0.4649353623390198,8.0,step,2
1785140519781611685,7.1471686363220215,6.664599359035492,4.962492942810059,-0.6139683127403259,-0.1097130998969078,-0.042545683681964874,nan,4.793626308441162,0.38538920879364014,world,781562843,1785140519,nan,False,False,False,False,-2.9408619733685586,0.6775299974322421,6.653188167506616,nan,False,nan,False,nan,False,403,normal,8.652276039123535,0.0,0.0,0.0,0.0,0.0,0.0,6.76393202,6.64885899,5.0,0.0,0.0,0.0,8.0,0.0,-0.006752401124686003,5.994666084647179,-0.347125381231308,6.76393202,6.64885899,5.0,0.38538920879364014,8.0,step,2
1785140519881586065,7.0695953369140625,6.651514768600464,4.976469039916992,-0.589106559753418,-0.10175199806690216,-0.05778718367218971,nan,4.893615245819092,0.30657923221588135,world,881551640,1785140519,nan,False,False,False,False,-2.6392015444716415,0.782368954788107,7.1838172949219485,nan,False,nan,False,nan,False,403,normal,8.652276039123535,0.0,0.0,0.0,0.0,0.0,0.0,6.76393202,6.64885899,5.0,0.0,0.0,0.0,8.0,0.0,-0.006752401124686003,5.994666084647179,-0.347125381231308,6.76393202,6.64885899,5.0,0.30657923221588135,8.0,step,2
1785140519981622222,7.003603935241699,6.640628457069397,4.983059883117676,-0.5569541454315186,-0.09304558485746384,-0.06835336983203888,nan,4.993630409240723,0.24041076004505157,world,981566987,1785140519,nan,False,False,False,False,-2.3046088600207373,0.8885413892262526,7.465208825719758,nan,False,nan,False,nan,False,403,normal,8.652276039123535,0.0,0.0,0.0,0.0,0.0,0.0,6.76393202,6.64885899,5.0,0.0,0.0,0.0,8.0,0.0,-0.006752401124686003,5.994666084647179,-0.347125381231308,6.76393202,6.64885899,5.0,0.24041076004505157,8.0,step,2
1785140520081592955,6.9346513748168945,6.62957102060318,4.988985061645508,-0.517196774482727,-0.08331198990345001,-0.0739465057849884,nan,5.093619346618652,0.17215822637081146,world,81555263,1785140520,nan,False,False,False,False,-2.113066854629348,0.9660014164999104,7.787695813367784,nan,False,nan,False,nan,False,403,normal,8.652276039123535,0.0,0.0,0.0,0.0,0.0,0.0,6.76393202,6.64885899,5.0,0.0,0.0,0.0,8.0,0.0,-0.006752401124686003,5.994666084647179,-0.347125381231308,6.76393202,6.64885899,5.0,0.17215822637081146,8.0,step,2
1785140520181605897,6.860096454620361,6.617641866207123,5.007015705108643,-0.48523250222206116,-0.07611868530511856,-0.0755760669708252,nan,5.193628787994385,0.10134755820035934,world,181565842,1785140520,nan,False,False,False,False,-0.6075730779483388,1.2662006008658286,6.054474750383664,nan,False,nan,False,nan,False,403,normal,8.652276039123535,0.0,0.0,0.0,0.0,0.0,0.0,6.76393202,6.64885899,5.0,0.0,0.0,0.0,8.0,0.0,-0.006752401124686003,5.994666084647179,-0.347125381231308,6.76393202,6.64885899,5.0,0.10134755820035934,8.0,step,2
1785140520281589274,6.789902687072754,6.606724441051483,5.018238067626953,-0.4428950548171997,-0.0674191415309906,-0.08537392318248749,nan,5.29362678527832,0.052748676389455795,world,281563275,1785140520,nan,False,False,False,False,-0.09748295097713111,1.3964891954298368,6.420730649172098,nan,False,nan,False,nan,False,403,normal,8.652276039123535,0.0,0.0,0.0,0.0,0.0,0.0,6.76393202,6.64885899,5.0,0.0,0.0,0.0,8.0,0.0,-0.006752401124686003,5.994666084647179,-0.347125381231308,6.76393202,6.64885899,5.0,0.052748676389455795,8.0,step,2
1785140520381611935,6.734067916870117,6.59824675321579,5.022133827209473,-0.3965444564819336,-0.05834706500172615,-0.09442533552646637,nan,5.393622875213623,0.06279624998569489,world,381558945,1785140520,nan,False,False,False,False,0.2713634233940565,1.5007743492395034,6.670491116962777,nan,False,nan,False,nan,False,403,normal,8.652276039123535,0.0,0.0,0.0,0.0,0.0,0.0,6.76393202,6.64885899,5.0,0.0,0.0,0.0,8.0,0.0,-0.006752401124686003,5.994666084647179,-0.347125381231308,6.76393202,6.64885899,5.0,0.06279624998569489,8.0,step,2
1785140520481635959,6.677598476409912,6.589977920055389,5.026698112487793,-0.3438040316104889,-0.0476984940469265,-0.09812571108341217,nan,5.493662357330322,0.10785754770040512,world,481604610,1785140520,nan,False,False,False,False,0.5167679004373913,1.5837566332833348,6.934095625798151,nan,False,nan,False,nan,False,403,normal,8.652276039123535,0.0,0.0,0.0,0.0,0.0,0.0,6.76393202,6.64885899,5.0,0.0,0.0,0.0,8.0,0.0,-0.006752401124686003,5.994666084647179,-0.347125381231308,6.76393202,6.64885899,5.0,0.10785754770040512,8.0,step,2
1785140520581608034,6.620029449462891,6.581814467906952,5.040650844573975,-0.3009469211101532,-0.039172060787677765,-0.09873836487531662,nan,5.59360933303833,0.16387620568275452,world,581546448,1785140520,nan,False,False,False,False,1.994265114426929,1.8463691250617917,5.245175456984081,nan,False,nan,False,nan,False,403,normal,8.652276039123535,0.0,0.0,0.0,0.0,0.0,0.0,6.76393202,6.64885899,5.0,0.0,0.0,0.0,8.0,0.0,-0.006752401124686003,5.994666084647179,-0.347125381231308,6.76393202,6.64885899,5.0,0.16387620568275452,8.0,step,2
1785140520681596511,6.569640636444092,6.575039863586426,5.047880172729492,-0.25011929869651794,-0.029380137100815773,-0.10774017125368118,nan,5.693629264831543,0.21328599750995636,world,681566374,1785140520,nan,False,False,False,False,2.435111773932068,1.9515572658253555,5.591364308446491,nan,False,nan,False,nan,False,403,normal,8.652276039123535,0.0,0.0,0.0,0.0,0.0,0.0,6.76393202,6.64885899,5.0,0.0,0.0,0.0,8.0,0.0,-0.006752401124686003,5.994666084647179,-0.347125381231308,6.76393202,6.64885899,5.0,0.21328599750995636,8.0,step,2
1785140520781601178,6.532925128936768,6.570477724075317,5.048885345458984,-0.200594961643219,-0.020377784967422485,-0.11390390992164612,nan,5.793629169464111,0.24879224598407745,world,781566352,1785140520,nan,False,False,False,False,2.7556973341727136,2.03356333175878,5.775841093493004,nan,False,nan,False,nan,False,403,normal,8.652276039123535,0.0,0.0,0.0,0.0,0.0,0.0,6.76393202,6.64885899,5.0,0.0,0.0,0.0,8.0,0.0,-0.006752401124686003,5.994666084647179,-0.347125381231308,6.76393202,6.64885899,5.0,0.24879224598407745,8.0,step,2
1785140520881595015,6.497771263122559,6.566625893115997,5.051682949066162,-0.1493481993675232,-0.01047395821660757,-0.11349254846572876,nan,5.893628120422363,0.2833283543586731,world,881564357,1785140520,nan,False,False,False,False,2.9980254736765275,2.1040221623792417,5.971330956636101,nan,False,nan,False,nan,False,403,normal,8.652276039123535,0.0,0.0,0.0,0.0,0.0,0.0,6.76393202,6.64885899,5.0,0.0,0.0,0.0,8.0,0.0,-0.006752401124686003,5.994666084647179,-0.347125381231308,6.76393202,6.64885899,5.0,0.2833283543586731,8.0,step,2
1785140520981626793,6.460587024688721,6.563022017478943,5.066256523132324,-0.10784263908863068,-0.0011006726417690516,-0.11098100244998932,nan,5.993642807006836,0.32214298844337463,world,981579183,1785140520,nan,False,False,False,False,4.349039281549336,2.295481255932058,3.9733147656647416,nan,False,nan,False,nan,False,403,normal,8.652276039123535,0.0,0.0,0.0,0.0,0.0,0.0,6.76393202,6.64885899,5.0,0.0,0.0,0.0,8.0,0.0,-0.006752401124686003,5.994666084647179,-0.347125381231308,6.76393202,6.64885899,5.0,0.32214298844337463,8.0,step,2
1785140521081634285,6.431647300720215,6.560927212238312,5.073665142059326,-0.06405594944953918,0.006164526101201773,-0.11816909909248352,nan,6.093637466430664,0.3515276312828064,world,81574422,1785140521,nan,False,False,False,False,4.715756933151113,2.368076883883319,4.288554753894297,nan,False,nan,False,nan,False,403,normal,8.652276039123535,0.0,0.0,0.0,0.0,0.0,0.0,6.76393202,6.64885899,5.0,0.0,0.0,0.0,8.0,0.0,-0.006752401124686003,5.994666084647179,-0.347125381231308,6.76393202,6.64885899,5.0,0.3515276312828064,8.0,step,2
1785140521181621259,6.413911819458008,6.560279607772827,5.074323654174805,-0.021670134738087654,0.012655242346227169,-0.12586751580238342,nan,6.193639278411865,0.36862507462501526,world,181575693,1785140521,nan,False,False,False,False,5.0,2.4317689884362936,4.437502493162858,nan,False,nan,False,nan,False,403,normal,8.652276039123535,0.0,0.0,0.0,0.0,0.0,0.0,6.76393202,6.64885899,5.0,0.0,0.0,0.0,8.0,0.0,-0.006752401124686003,5.994666084647179,-0.347125381231308,6.76393202,6.64885899,5.0,0.36862507462501526,8.0,step,2
1785140521281616047,6.4008378982543945,6.560138761997223,5.074657917022705,0.02310827560722828,0.01951950043439865,-0.12777918577194214,nan,6.293633460998535,0.38115930557250977,world,281570231,1785140521,nan,False,False,False,False,5.0,2.4912604938359357,4.562410300515436,nan,False,nan,False,nan,False,403,normal,8.652276039123535,0.0,0.0,0.0,0.0,0.0,0.0,6.76393202,6.64885899,5.0,0.0,0.0,0.0,8.0,0.0,-0.006752401124686003,5.994666084647179,-0.347125381231308,6.76393202,6.64885899,5.0,0.38115930557250977,8.0,step,2
1785140521381625564,6.384909152984619,6.558585345745087,5.088475227355957,0.05522261559963226,0.025395389646291733,-0.12570808827877045,nan,6.393638610839844,0.3995441496372223,world,381575529,1785140521,nan,False,False,False,False,5.0,2.7122431936771676,2.625218904598463,nan,False,nan,False,nan,False,403,normal,8.652276039123535,0.0,0.0,0.0,0.0,0.0,0.0,6.76393202,6.64885899,5.0,0.0,0.0,0.0,8.0,0.0,-0.006752401124686003,5.994666084647179,-0.347125381231308,6.76393202,6.64885899,5.0,0.3995441496372223,8.0,step,2
1785140521481653485,6.3768229484558105,6.558615148067474,5.095080375671387,0.08867005258798599,0.03044326789677143,-0.13313482701778412,nan,6.493648052215576,0.40870240330696106,world,481585276,1785140521,nan,False,False,False,False,5.0,2.7914723941126125,2.8439851988225495,nan,False,nan,False,nan,False,403,normal,8.652276039123535,0.0,0.0,0.0,0.0,0.0,0.0,6.76393202,6.64885899,5.0,0.0,0.0,0.0,8.0,0.0,-0.006752401124686003,5.994666084647179,-0.347125381231308,6.76393202,6.64885899,5.0,0.40870240330696106,8.0,step,2
1785140521581598459,6.376302719116211,6.559879302978516,5.0950727462768555,0.11744239181280136,0.03472186252474785,-0.14008517563343048,nan,6.59363317489624,0.4089164733886719,world,581569384,1785140521,nan,False,False,False,False,5.0,2.824336616932467,2.9587794583545453,nan,False,nan,False,nan,False,403,normal,8.652276039123535,0.0,0.0,0.0,0.0,0.0,0.0,6.76393202,6.64885899,5.0,0.0,0.0,0.0,8.0,0.0,-0.006752401124686003,5.994666084647179,-0.347125381231308,6.76393202,6.64885899,5.0,0.4089164733886719,8.0,step,2
1785140521681611742,6.379256248474121,6.561398267745972,5.0965166091918945,0.14634865522384644,0.03867952525615692,-0.140868678689003,nan,6.693634510040283,0.4061284065246582,world,681571065,1785140521,nan,False,False,False,False,5.0,2.863490454100733,3.078608234869237,nan,False,nan,False,nan,False,403,normal,8.652276039123535,0.0,0.0,0.0,0.0,0.0,0.0,6.76393202,6.64885899,5.0,0.0,0.0,0.0,8.0,0.0,-0.006752401124686003,5.994666084647179,-0.347125381231308,6.76393202,6.64885899,5.0,0.4061284065246582,8.0,step,2
1785140521781619034,6.379685401916504,6.561238586902618,5.110248565673828,0.16526013612747192,0.03988483548164368,-0.13758449256420135,nan,6.793641567230225,0.4092402160167694,world,781578137,1785140521,nan,False,False,False,False,5.0,3.0903766142604825,0.9125984156656222,nan,False,nan,False,nan,False,403,normal,8.652276039123535,0.0,0.0,0.0,0.0,0.0,0.0,6.76393202,6.64885899,5.0,0.0,0.0,0.0,8.0,0.0,-0.006752401124686003,5.994666084647179,-0.347125381231308,6.76393202,6.64885899,5.0,0.4092402160167694,8.0,step,2
1785140521881635924,6.386512279510498,6.562429964542389,5.1160407066345215,0.18362119793891907,0.04175565764307976,-0.14585678279399872,nan,6.893651008605957,0.40420424938201904,world,881587994,1785140521,nan,False,False,False,False,5.0,3.1616433754913933,1.175722194426537,nan,False,nan,False,nan,False,403,normal,8.652276039123535,0.0,0.0,0.0,0.0,0.0,0.0,6.76393202,6.64885899,5.0,0.0,0.0,0.0,8.0,0.0,-0.006752401124686003,5.994666084647179,-0.347125381231308,6.76393202,6.64885899,5.0,0.40420424938201904,8.0,step,2
1785140521981648967,6.397545337677002,6.564452648162842,5.115119934082031,0.19937092065811157,0.04284416884183884,-0.15295268595218658,nan,6.9936628341674805,0.3932127058506012,world,981600696,1785140521,nan,False,False,False,False,5.0,3.1904842627149863,1.2623317165298233,nan,False,nan,False,nan,False,403,normal,8.652276039123535,0.0,0.0,0.0,0.0,0.0,0.0,6.76393202,6.64885899,5.0,0.0,0.0,0.0,8.0,0.0,-0.006752401124686003,5.994666084647179,-0.347125381231308,6.76393202,6.64885899,5.0,0.3932127058506012,8.0,step,2
1785140522081618237,6.4111714363098145,6.5663153529167175,5.11603307723999,0.21176189184188843,0.0447668731212616,-0.15262089669704437,nan,7.093645095825195,0.3804170787334442,world,81582189,1785140522,nan,False,False,False,False,5.0,3.2269232162238346,1.3048223526157077,nan,False,nan,False,nan,False,403,normal,8.652276039123535,0.0,0.0,0.0,0.0,0.0,0.0,6.76393202,6.64885899,5.0,0.0,0.0,0.0,8.0,0.0,-0.006752401124686003,5.994666084647179,-0.347125381231308,6.76393202,6.64885899,5.0,0.3804170787334442,8.0,step,2
1785140522181628295,6.4205827713012695,6.565618216991425,5.129096031188965,0.21818481385707855,0.044395629316568375,-0.15093816816806793,nan,7.1936492919921875,0.3761429488658905,world,181585514,1785140522,nan,False,False,False,False,5.0,3.508135689016245,-0.893189505291747,nan,False,nan,False,nan,False,403,normal,8.652276039123535,0.0,0.0,0.0,0.0,0.0,0.0,6.76393202,6.64885899,5.0,0.0,0.0,0.0,8.0,0.0,-0.006752401124686003,5.994666084647179,-0.347125381231308,6.76393202,6.64885899,5.0,0.3761429488658905,8.0,step,2
1785140522281624776,6.434972763061523,6.566217303276062,5.133843421936035,0.22303052246570587,0.0436190590262413,-0.15929311513900757,nan,7.293654441833496,0.3646339178085327,world,281592445,1785140522,nan,False,False,False,False,5.0,3.5874381055787787,-0.6415524301963325,nan,False,nan,False,nan,False,403,normal,8.652276039123535,0.0,0.0,0.0,0.0,0.0,0.0,6.76393202,6.64885899,5.0,0.0,0.0,0.0,8.0,0.0,-0.006752401124686003,5.994666084647179,-0.347125381231308,6.76393202,6.64885899,5.0,0.3646339178085327,8.0,step,2
1785140522381617631,6.451141357421875,6.567780613899231,5.131381511688232,0.2272486537694931,0.04439454525709152,-0.16613882780075073,nan,7.393653392791748,0.34881627559661865,world,381590119,1785140522,nan,False,False,False,False,5.0,3.6155541364471997,-0.5284493334875784,nan,False,nan,False,nan,False,403,normal,8.652276039123535,0.0,0.0,0.0,0.0,0.0,0.0,6.76393202,6.64885899,5.0,0.0,0.0,0.0,8.0,0.0,-0.006752401124686003,5.994666084647179,-0.347125381231308,6.76393202,6.64885899,5.0,0.34881627559661865,8.0,step,2
1785140522481634992,6.470654010772705,6.569413900375366,5.130707263946533,0.22997508943080902,0.04417337104678154,-0.1641380339860916,nan,7.49365758895874,0.3307686448097229,world,481594576,1785140522,nan,False,False,False,False,5.0,3.6462855047483633,-0.4844655225697436,nan,False,nan,False,nan,False,403,normal,8.652276039123535,0.0,0.0,0.0,0.0,0.0,0.0,6.76393202,6.64885899,5.0,0.0,0.0,0.0,8.0,0.0,-0.006752401124686003,5.994666084647179,-0.347125381231308,6.76393202,6.64885899,5.0,0.3307686448097229,8.0,step,2
1785140522581616776,6.48905086517334,6.568890392780304,5.143267631530762,0.22982877492904663,0.04223360866308212,-0.15970219671726227,nan,7.593650817871094,0.3201253414154053,world,581588342,1785140522,nan,False,False,False,False,5.0,3.8937457724536184,-2.8017510376504893,nan,False,nan,False,nan,False,403,normal,8.652276039123535,0.0,0.0,0.0,0.0,0.0,0.0,6.76393202,6.64885899,5.0,0.0,0.0,0.0,8.0,0.0,-0.006752401124686003,5.994666084647179,-0.347125381231308,6.76393202,6.64885899,5.0,0.3201253414154053,8.0,step,2
1785140522681618728,6.5103759765625,6.569497525691986,5.147562503814697,0.22658789157867432,0.04077139124274254,-0.16738367080688477,nan,7.693650722503662,0.30391380190849304,world,681586938,1785140522,nan,False,False,False,False,5.0,3.9722334992035155,-2.5844032199935008,nan,False,nan,False,nan,False,403,normal,8.652276039123535,0.0,0.0,0.0,0.0,0.0,0.0,6.76393202,6.64885899,5.0,0.0,0.0,0.0,8.0,0.0,-0.006752401124686003,5.994666084647179,-0.347125381231308,6.76393202,6.64885899,5.0,0.30391380190849304,8.0,step,2
1785140522781659493,6.530680179595947,6.57103168964386,5.1452412605285645,0.22171849012374878,0.04180140048265457,-0.17354431748390198,nan,7.793664455413818,0.28558453917503357,world,781601363,1785140522,nan,False,False,False,False,5.0,4.001134970412769,-2.553864216719937,nan,False,nan,False,nan,False,403,normal,8.652276039123535,0.0,0.0,0.0,0.0,0.0,0.0,6.76393202,6.64885899,5.0,0.0,0.0,0.0,8.0,0.0,-0.006752401124686003,5.994666084647179,-0.347125381231308,6.76393202,6.64885899,5.0,0.28558453917503357,8.0,step,2
1785140522881620367,6.552623271942139,6.572685718536377,5.1444292068481445,0.2152452915906906,0.04236965626478195,-0.17377729713916779,nan,7.893657684326172,0.2670459747314453,world,881594188,1785140522,nan,False,False,False,False,5.0,4.032197951887824,-2.5290506187266626,nan,False,nan,False,nan,False,403,normal,8.652276039123535,0.0,0.0,0.0,0.0,0.0,0.0,6.76393202,6.64885899,5.0,0.0,0.0,0.0,8.0,0.0,-0.006752401124686003,5.994666084647179,-0.347125381231308,6.76393202,6.64885899,5.0,0.2670459747314453,8.0,step,2
1785140522981679617,6.5720648765563965,6.5725579261779785,5.156492710113525,0.20810377597808838,0.0416439063847065,-0.17030324041843414,nan,7.993659973144531,0.2590845823287964,world,981596661,1785140522,nan,False,False,False,False,5.0,4.2473473606633325,-4.841989271355428,nan,False,nan,False,nan,False,403,normal,8.652276039123535,0.0,0.0,0.0,0.0,0.0,0.0,6.76393202,6.64885899,5.0,0.0,0.0,0.0,8.0,0.0,-0.006752401124686003,5.994666084647179,-0.347125381231308,6.76393202,6.64885899,5.0,0.2590845823287964,8.0,step,2
1785140523081623921,6.592927932739258,6.573666751384735,5.160314083099365,0.19755762815475464,0.04199613258242607,-0.1770647019147873,0.013658689334988594,8.093655586242676,0.24616432189941406,world,81591920,1785140523,nan,False,True,True,False,5.0,4.309075198165387,-4.667848382604488,nan,False,nan,False,nan,False,403,normal,8.652276039123535,0.0,0.0,0.0,0.0,0.0,0.0,6.76393202,6.64885899,5.0,0.0,0.0,0.0,8.0,0.0,-0.006752401124686003,5.994666084647179,-0.347125381231308,6.76393202,6.64885899,5.0,0.24616432189941406,8.0,step,2
1785140523181668122,6.611640453338623,6.57565438747406,5.157329559326172,0.18761587142944336,0.04299161210656166,-0.18301638960838318,0.013658689334988594,8.193656921386719,0.2308770716190338,world,181593171,1785140523,nan,False,True,True,False,5.0,4.324517225312728,-4.632184827593938,nan,False,nan,False,nan,False,403,normal,8.652276039123535,0.0,0.0,0.0,0.0,0.0,0.0,6.76393202,6.64885899,5.0,0.0,0.0,0.0,8.0,0.0,-0.006752401124686003,5.994666084647179,-0.347125381231308,6.76393202,6.64885899,5.0,0.2308770716190338,8.0,step,2
1785140523281644686,6.631041526794434,6.5783531665802,5.154256820678711,0.17521031200885773,0.04307170212268829,-0.18101952970027924,0.013658689334988594,8.293667793273926,0.21546721458435059,world,281606143,1785140523,nan,False,True,True,False,5.0,4.347482075864242,-4.645016609838917,nan,False,nan,False,nan,False,403,normal,8.652276039123535,0.0,0.0,0.0,0.0,0.0,0.0,6.76393202,6.64885899,5.0,0.0,0.0,0.0,8.0,0.0,-0.006752401124686003,5.994666084647179,-0.347125381231308,6.76393202,6.64885899,5.0,0.21546721458435059,8.0,step,2
1785140523381630988,6.648062705993652,6.580281138420105,5.169273376464844,0.16405247151851654,0.0427432544529438,-0.17486637830734253,0.013658689334988594,8.393665313720703,0.21629169583320618,world,381603476,1785140523,nan,False,True,True,False,4.9419660780544685,4.44024294856295,-7.2442091546988525,nan,False,nan,False,nan,False,403,normal,8.652276039123535,0.0,0.0,0.0,0.0,0.0,0.0,6.76393202,6.64885899,5.0,0.0,0.0,0.0,8.0,0.0,-0.006752401124686003,5.994666084647179,-0.347125381231308,6.76393202,6.64885899,5.0,0.21629169583320618,8.0,step,2
1785140523481637218,6.665398597717285,6.583185195922852,5.1752028465271,0.15080472826957703,0.04375326260924339,-0.1835506111383438,0.013658689334988594,8.493661880493164,0.21146611869335175,world,481598265,1785140523,nan,False,True,True,False,4.933865446511821,4.4778026672822415,-7.10490505867189,nan,False,nan,False,nan,False,403,normal,8.652276039123535,0.0,0.0,0.0,0.0,0.0,0.0,6.76393202,6.64885899,5.0,0.0,0.0,0.0,8.0,0.0,-0.006752401124686003,5.994666084647179,-0.347125381231308,6.76393202,6.64885899,5.0,0.21146611869335175,8.0,step,2
1785140523581643859,6.680249214172363,6.586463391780853,5.173069953918457,0.13772839307785034,0.04427412152290344,-0.1913590282201767,0.013658689334988594,8.593663215637207,0.20211192965507507,world,581598994,1785140523,nan,False,True,True,False,4.8856985588879684,4.480895040404969,-7.063630257057219,nan,False,nan,False,nan,False,403,normal,8.652276039123535,0.0,0.0,0.0,0.0,0.0,0.0,6.76393202,6.64885899,5.0,0.0,0.0,0.0,8.0,0.0,-0.006752401124686003,5.994666084647179,-0.347125381231308,6.76393202,6.64885899,5.0,0.20211192965507507,8.0,step,2
1785140523681635792,6.695230007171631,6.590143263339996,5.1727399826049805,0.12420402467250824,0.04458102583885193,-0.1911870837211609,0.013658689334988594,8.693669319152832,0.1949528306722641,world,681606076,1785140523,nan,False,True,True,False,4.877068194845936,4.4915940425313385,-7.1071955340258395,nan,False,nan,False,nan,False,403,normal,8.652276039123535,0.0,0.0,0.0,0.0,0.0,0.0,6.76393202,6.64885899,5.0,0.0,0.0,0.0,8.0,0.0,-0.006752401124686003,5.994666084647179,-0.347125381231308,6.76393202,6.64885899,5.0,0.1949528306722641,8.0,step,2
1785140523781650899,6.708425998687744,6.592967927455902,5.186464309692383,0.11190266907215118,0.044571880251169205,-0.1887044459581375,0.013658689334988594,8.79366683959961,0.20241953432559967,world,781603529,1785140523,nan,False,True,True,False,4.782403947652216,4.566915349365832,-8.0,nan,False,nan,False,nan,False,403,normal,8.652276039123535,0.0,0.0,0.0,0.0,0.0,0.0,6.76393202,6.64885899,5.0,0.0,0.0,0.0,8.0,0.0,-0.006752401124686003,5.994666084647179,-0.347125381231308,6.76393202,6.64885899,5.0,0.20241953432559967,8.0,step,2
1785140523881649144,6.721235752105713,6.5965335965156555,5.190866947174072,0.09929456561803818,0.043619900941848755,-0.19803950190544128,0.013658689334988594,8.8936767578125,0.20246261358261108,world,881614148,1785140523,nan,False,True,True,False,4.759142369658888,4.58516562962783,-8.0,nan,False,nan,False,nan,False,403,normal,8.652276039123535,0.0,0.0,0.0,0.0,0.0,0.0,6.76393202,6.64885899,5.0,0.0,0.0,0.0,8.0,0.0,-0.006752401124686003,5.994666084647179,-0.347125381231308,6.76393202,6.64885899,5.0,0.20246261358261108,8.0,step,2
1785140523981643501,6.731668949127197,6.60014808177948,5.187493324279785,0.08652690052986145,0.04319939389824867,-0.20530621707439423,0.013658689334988594,8.993677139282227,0.19638586044311523,world,981613946,1785140523,nan,False,True,True,False,4.718870561070323,4.579789665025593,-8.0,nan,False,nan,False,nan,False,403,normal,8.652276039123535,0.0,0.0,0.0,0.0,0.0,0.0,6.76393202,6.64885899,5.0,0.0,0.0,0.0,8.0,0.0,-0.006752401124686003,5.994666084647179,-0.347125381231308,6.76393202,6.64885899,5.0,0.19638586044311523,8.0,step,2
1785140524081648619,6.741759300231934,6.603690087795258,5.1855902671813965,0.07358261942863464,0.04085145145654678,-0.2033943384885788,0.013658689334988594,9.09367561340332,0.19229042530059814,world,81612411,1785140524,nan,False,True,True,False,4.70833844333531,4.583322347752924,-8.0,nan,False,nan,False,nan,False,403,normal,8.652276039123535,0.0,0.0,0.0,0.0,0.0,0.0,6.76393202,6.64885899,5.0,0.0,0.0,0.0,8.0,0.0,-0.006752401124686003,5.994666084647179,-0.347125381231308,6.76393202,6.64885899,5.0,0.19229042530059814,8.0,step,2
1785140524181667653,6.750486373901367,6.605513274669647,5.197840213775635,0.06265892833471298,0.03751123324036598,-0.1984192281961441,0.013658689334988594,9.193686485290527,0.20297878980636597,world,181624091,1785140524,nan,False,True,True,False,4.619550711436294,4.7040887177762825,-8.0,nan,False,nan,False,nan,False,403,normal,8.652276039123535,0.0,0.0,0.0,0.0,0.0,0.0,6.76393202,6.64885899,5.0,0.0,0.0,0.0,8.0,0.0,-0.006752401124686003,5.994666084647179,-0.347125381231308,6.76393202,6.64885899,5.0,0.20297878980636597,8.0,step,2
1785140524281643997,6.7584662437438965,6.60779732465744,5.200959205627441,0.0522029846906662,0.034930936992168427,-0.20725490152835846,0.013658689334988594,9.293678283691406,0.20518416166305542,world,281615774,1785140524,nan,False,True,True,False,4.598225697424793,4.738119767712443,-8.0,nan,False,nan,False,nan,False,403,normal,8.652276039123535,0.0,0.0,0.0,0.0,0.0,0.0,6.76393202,6.64885899,5.0,0.0,0.0,0.0,8.0,0.0,-0.006752401124686003,5.994666084647179,-0.347125381231308,6.76393202,6.64885899,5.0,0.20518416166305542,8.0,step,2
1785140524381653543,6.764579772949219,6.610183238983154,5.196630477905273,0.041524458676576614,0.03363539278507233,-0.21363456547260284,0.013658689334988594,9.39367389678955,0.20039904117584229,world,381610301,1785140524,nan,False,True,True,False,4.57057301290287,4.739108970860991,-8.0,nan,False,nan,False,nan,False,403,normal,8.652276039123535,0.0,0.0,0.0,0.0,0.0,0.0,6.76393202,6.64885899,5.0,0.0,0.0,0.0,8.0,0.0,-0.006752401124686003,5.994666084647179,-0.347125381231308,6.76393202,6.64885899,5.0,0.20039904117584229,8.0,step,2
1785140524481659923,6.769543647766113,6.612476170063019,5.194227695465088,0.030940255150198936,0.03213298320770264,-0.2113751769065857,0.013658689334988594,9.493675231933594,0.1976855993270874,world,481611963,1785140524,nan,False,True,True,False,4.565556003173963,4.744357034896894,-8.0,nan,False,nan,False,nan,False,403,normal,8.652276039123535,0.0,0.0,0.0,0.0,0.0,0.0,6.76393202,6.64885899,5.0,0.0,0.0,0.0,8.0,0.0,-0.006752401124686003,5.994666084647179,-0.347125381231308,6.76393202,6.64885899,5.0,0.1976855993270874,8.0,step,2
1785140524581657998,6.772287368774414,6.613344728946686,5.207022666931152,0.022584661841392517,0.02892491966485977,-0.20622266829013824,0.013658689334988594,9.593676567077637,0.21021288633346558,world,581613053,1785140524,nan,False,True,True,False,4.616779849445951,4.857331492808157,-8.0,nan,False,nan,False,nan,False,403,normal,8.652276039123535,0.0,0.0,0.0,0.0,0.0,0.0,6.76393202,6.64885899,5.0,0.0,0.0,0.0,8.0,0.0,-0.006752401124686003,5.994666084647179,-0.347125381231308,6.76393202,6.64885899,5.0,0.21021288633346558,8.0,step,2
1785140524681658166,6.774419784545898,6.614743709564209,5.210265636444092,0.012791245244443417,0.02800825797021389,-0.21444736421108246,0.013658689334988594,9.693679809570312,0.21327325701713562,world,681617560,1785140524,nan,False,True,True,False,4.625277413520984,4.885131115219968,-8.0,nan,False,nan,False,nan,False,403,normal,8.652276039123535,0.0,0.0,0.0,0.0,0.0,0.0,6.76393202,6.64885899,5.0,0.0,0.0,0.0,8.0,0.0,-0.006752401124686003,5.994666084647179,-0.347125381231308,6.76393202,6.64885899,5.0,0.21327325701713562,8.0,step,2
1785140524781669496,6.775689601898193,6.6163933873176575,5.205656051635742,0.005506622139364481,0.026188764721155167,-0.2215980589389801,0.013658689334988594,9.793688774108887,0.20853456854820251,world,781627577,1785140524,nan,False,True,True,False,4.623542865272453,4.882666950155001,-8.0,nan,False,nan,False,nan,False,403,normal,8.652276039123535,0.0,0.0,0.0,0.0,0.0,0.0,6.76393202,6.64885899,5.0,0.0,0.0,0.0,8.0,0.0,-0.006752401124686003,5.994666084647179,-0.347125381231308,6.76393202,6.64885899,5.0,0.20853456854820251,8.0,step,2
1785140524881668432,6.776750564575195,6.617815673351288,5.203153133392334,-0.0016410709358751774,0.025029383599758148,-0.21897061169147491,0.013658689334988594,9.893695831298828,0.20591065287590027,world,881634538,1785140524,nan,False,True,True,False,4.631935577763597,4.89013500800715,-8.0,nan,False,nan,False,nan,False,403,normal,8.652276039123535,0.0,0.0,0.0,0.0,0.0,0.0,6.76393202,6.64885899,5.0,0.0,0.0,0.0,8.0,0.0,-0.006752401124686003,5.994666084647179,-0.347125381231308,6.76393202,6.64885899,5.0,0.20591065287590027,8.0,step,2
1785140524981693137,6.778230667114258,6.617794752120972,5.217010021209717,-0.005296242423355579,0.02294696681201458,-0.21354225277900696,0.013658689334988594,9.993712425231934,0.21968793869018555,world,981651438,1785140524,nan,False,True,True,False,4.553997882473303,5.0,-8.0,nan,False,nan,False,nan,False,403,normal,8.652276039123535,0.0,0.0,0.0,0.0,0.0,0.0,6.76393202,6.64885899,5.0,0.0,0.0,0.0,8.0,0.0,-0.006752401124686003,5.994666084647179,-0.347125381231308,6.76393202,6.64885899,5.0,0.21968793869018555,8.0,step,2
1785140525081702984,6.779112339019775,6.61834579706192,5.220977306365967,-0.010488023981451988,0.02215321734547615,-0.22195442020893097,0.013658689334988594,10.0936918258667,0.2235899567604065,world,81628423,1785140525,nan,False,True,True,False,4.544494228898243,5.0,-8.0,nan,False,nan,False,nan,False,403,normal,8.652276039123535,0.0,0.0,0.0,0.0,0.0,0.0,6.76393202,6.64885899,5.0,0.0,0.0,0.0,8.0,0.0,-0.006752401124686003,5.994666084647179,-0.347125381231308,6.76393202,6.64885899,5.0,0.2235899567604065,8.0,step,2
1785140525181646806,6.779256343841553,6.619377434253693,5.216638565063477,-0.01390888076275587,0.0224241241812706,-0.2298249751329422,0.013658689334988594,10.193684577941895,0.21917177736759186,world,181621358,1785140525,nan,False,True,True,False,4.555786137541552,5.0,-8.0,nan,False,nan,False,nan,False,403,normal,8.652276039123535,0.0,0.0,0.0,0.0,0.0,0.0,6.76393202,6.64885899,5.0,0.0,0.0,0.0,8.0,0.0,-0.006752401124686003,5.994666084647179,-0.347125381231308,6.76393202,6.64885899,5.0,0.21917177736759186,8.0,step,2
1785140525281677282,6.7790608406066895,6.620893836021423,5.214539527893066,-0.01671462133526802,0.02214740961790085,-0.22828032076358795,0.013658689334988594,10.293685913085938,0.21688278019428253,world,281621697,1785140525,nan,False,True,True,False,4.5660823611890216,5.0,-8.0,nan,False,nan,False,nan,False,403,normal,8.652276039123535,0.0,0.0,0.0,0.0,0.0,0.0,6.76393202,6.64885899,5.0,0.0,0.0,0.0,8.0,0.0,-0.006752401124686003,5.994666084647179,-0.347125381231308,6.76393202,6.64885899,5.0,0.21688278019428253,8.0,step,2
1785140525381660478,6.778913974761963,6.622362732887268,5.2284650802612305,-0.01970185525715351,0.02123294584453106,-0.22289656102657318,0.013658689334988594,10.39369010925293,0.23048384487628937,world,381627105,1785140525,nan,False,True,True,False,4.539211599006195,5.0,-8.0,nan,False,nan,False,nan,False,403,normal,8.652276039123535,0.0,0.0,0.0,0.0,0.0,0.0,6.76393202,6.64885899,5.0,0.0,0.0,0.0,8.0,0.0,-0.006752401124686003,5.994666084647179,-0.347125381231308,6.76393202,6.64885899,5.0,0.23048384487628937,8.0,step,2
1785140525481652451,6.778200149536133,6.6241371631622314,5.232272624969482,-0.021186569705605507,0.02015562169253826,-0.23146206140518188,0.013658689334988594,10.493685722351074,0.2340199202299118,world,481623045,1785140525,nan,False,True,True,False,4.546861709532434,5.0,-8.0,nan,False,nan,False,nan,False,403,normal,8.652276039123535,0.0,0.0,0.0,0.0,0.0,0.0,6.76393202,6.64885899,5.0,0.0,0.0,0.0,8.0,0.0,-0.006752401124686003,5.994666084647179,-0.347125381231308,6.76393202,6.64885899,5.0,0.2340199202299118,8.0,step,2
1785140525581662438,6.777252197265625,6.62591952085495,5.227529048919678,-0.0220650602132082,0.020143989473581314,-0.23884280025959015,0.013658689334988594,10.593688011169434,0.22907011210918427,world,581624086,1785140525,nan,False,True,True,False,4.561709370669283,5.0,-8.0,nan,False,nan,False,nan,False,403,normal,8.652276039123535,0.0,0.0,0.0,0.0,0.0,0.0,6.76393202,6.64885899,5.0,0.0,0.0,0.0,8.0,0.0,-0.006752401124686003,5.994666084647179,-0.347125381231308,6.76393202,6.64885899,5.0,0.22907011210918427,8.0,step,2
1785140525681661845,6.775564670562744,6.628074407577515,5.221563339233398,-0.021934637799859047,0.019078711047768593,-0.23838751018047333,0.013658689334988594,10.693700790405273,0.22283992171287537,world,681638090,1785140525,nan,False,True,True,False,4.569244292727841,5.0,-8.0,nan,False,nan,False,nan,False,403,normal,8.652276039123535,0.0,0.0,0.0,0.0,0.0,0.0,6.76393202,6.64885899,5.0,0.0,0.0,0.0,8.0,0.0,-0.006752401124686003,5.994666084647179,-0.347125381231308,6.76393202,6.64885899,5.0,0.22283992171287537,8.0,step,2
1785140525781664208,6.771902084350586,6.630560874938965,5.235955238342285,-0.02397179789841175,0.018112652003765106,-0.2318984866142273,0.013658689334988594,10.793694496154785,0.23679783940315247,world,781631436,1785140525,nan,False,True,True,False,4.715775088222342,4.967978428902932,-8.0,nan,False,nan,False,nan,False,403,normal,8.652276039123535,0.0,0.0,0.0,0.0,0.0,0.0,6.76393202,6.64885899,5.0,0.0,0.0,0.0,8.0,0.0,-0.006752401124686003,5.994666084647179,-0.347125381231308,6.76393202,6.64885899,5.0,0.23679783940315247,8.0,step,2
1785140525881670117,6.768240928649902,6.633020877838135,5.239743232727051,-0.025671981275081635,0.016341393813490868,-0.23870401084423065,0.013658689334988594,10.893699645996094,0.24030445516109467,world,881636624,1785140525,nan,False,True,True,False,4.764779822726272,4.962093330458727,-8.0,nan,False,nan,False,nan,False,403,normal,8.652276039123535,0.0,0.0,0.0,0.0,0.0,0.0,6.76393202,6.64885899,5.0,0.0,0.0,0.0,8.0,0.0,-0.006752401124686003,5.994666084647179,-0.347125381231308,6.76393202,6.64885899,5.0,0.24030445516109467,8.0,step,2
1785140525981725931,6.765081405639648,6.63509339094162,5.235013008117676,-0.026077600196003914,0.015126839280128479,-0.24537937343120575,0.013658689334988594,10.993729591369629,0.23541861772537231,world,981675556,1785140525,nan,False,True,True,False,4.7927157469938795,4.963126430830885,-8.0,nan,False,nan,False,nan,False,403,normal,8.652276039123535,0.0,0.0,0.0,0.0,0.0,0.0,6.76393202,6.64885899,5.0,0.0,0.0,0.0,8.0,0.0,-0.006752401124686003,5.994666084647179,-0.347125381231308,6.76393202,6.64885899,5.0,0.23541861772537231,8.0,step,2
1785140526081702294,6.762110710144043,6.637329638004303,5.229986667633057,-0.026233235374093056,0.014225256629288197,-0.24460794031620026,0.013658689334988594,11.093708992004395,0.23028267920017242,world,81646519,1785140526,nan,False,True,True,False,4.819606076898571,4.96483137131433,-8.0,nan,False,nan,False,nan,False,403,normal,8.652276039123535,0.0,0.0,0.0,0.0,0.0,0.0,6.76393202,6.64885899,5.0,0.0,0.0,0.0,8.0,0.0,-0.006752401124686003,5.994666084647179,-0.347125381231308,6.76393202,6.64885899,5.0,0.23028267920017242,8.0,step,2
1785140526181703725,6.760636329650879,6.640051245689392,5.245917320251465,-0.02482801117002964,0.0138461384922266,-0.23770591616630554,0.013658689334988594,11.19369888305664,0.24609707295894623,world,181636258,1785140526,nan,False,True,True,False,4.783628887340929,4.905456216519218,-8.0,nan,False,nan,False,nan,False,403,normal,8.652276039123535,0.0,0.0,0.0,0.0,0.0,0.0,6.76393202,6.64885899,5.0,0.0,0.0,0.0,8.0,0.0,-0.006752401124686003,5.994666084647179,-0.347125381231308,6.76393202,6.64885899,5.0,0.24609707295894623,8.0,step,2
1785140526281673666,6.759000301361084,6.642602741718292,5.250779628753662,-0.02353566512465477,0.011861750856041908,-0.24557040631771088,0.013658689334988594,11.293694496154785,0.2509061396121979,world,281631086,1785140526,nan,False,True,True,False,4.793849467275606,4.889769253142186,-8.0,nan,False,nan,False,nan,False,403,normal,8.652276039123535,0.0,0.0,0.0,0.0,0.0,0.0,6.76393202,6.64885899,5.0,0.0,0.0,0.0,8.0,0.0,-0.006752401124686003,5.994666084647179,-0.347125381231308,6.76393202,6.64885899,5.0,0.2509061396121979,8.0,step,2
1785140526381677382,6.757512092590332,6.6445693373680115,5.24637508392334,-0.022257354110479355,0.010129190050065517,-0.2538367509841919,0.013658689334988594,11.393704414367676,0.2464960366487503,world,381641193,1785140526,nan,False,True,True,False,4.8257914229804495,4.888325280613476,-8.0,nan,False,nan,False,nan,False,403,normal,8.652276039123535,0.0,0.0,0.0,0.0,0.0,0.0,6.76393202,6.64885899,5.0,0.0,0.0,0.0,8.0,0.0,-0.006752401124686003,5.994666084647179,-0.347125381231308,6.76393202,6.64885899,5.0,0.2464960366487503,8.0,step,2
1785140526481660277,6.755817890167236,6.646455764770508,5.243508815765381,-0.02107510156929493,0.008479592390358448,-0.2528490126132965,0.013658689334988594,11.493700981140137,0.24365581572055817,world,481637925,1785140526,nan,False,True,True,False,4.851412752655144,4.890109562815646,-8.0,nan,False,nan,False,nan,False,403,normal,8.652276039123535,0.0,0.0,0.0,0.0,0.0,0.0,6.76393202,6.64885899,5.0,0.0,0.0,0.0,8.0,0.0,-0.006752401124686003,5.994666084647179,-0.347125381231308,6.76393202,6.64885899,5.0,0.24365581572055817,8.0,step,2
