bag_time_ns,x,y,z
1785125513979601162,-0.004428123589605093,9.002472176682204,-0.19558337330818176
1785125514079480951,-0.0010647332528606057,9.001625749282539,-0.19556035101413727
1785125514179462720,0.0006365168374031782,9.000516090658493,-0.1989690661430359
1785125514279450700,0.0012500988086685538,8.999130969750695,-0.20531152188777924
1785125514379451454,0.0010062551591545343,8.997582016978413,-0.21263165771961212
1785125514479470030,0.004427237901836634,8.998062522266991,-0.2127426117658615
1785125514579477527,0.0062571060843765736,8.99785271845758,-0.21636608242988586
1785125514940482756,0.00722123496234417,8.997057446045801,-0.22323130071163177
1785125514941010976,0.007304789032787085,8.99591340124607,-0.231439471244812
1785125514941068613,0.008293620310723782,8.995451807510108,-0.23008260130882263
1785125514979467898,0.008217721246182919,8.994429811835289,-0.2327253222465515
1785125515079474183,0.007423671893775463,8.992821539752185,-0.23876073956489563
1785125515179420517,0.006090268027037382,8.99097259901464,-0.24661332368850708
1785125515279457439,0.0054283044300973415,8.990517272613943,-0.24495452642440796
1785125515379482219,0.004200092516839504,8.989601274952292,-0.24763554334640503
1785125515479437189,0.002362706931307912,8.988067301921546,-0.2540181875228882
1785125515579522131,0.0003165658563375473,8.986099413596094,-0.2621518671512604
1785125515679577988,0.0008535961387678981,8.986954491585493,-0.25912871956825256
1785125515779430338,0.00042925041634589434,8.986896335147321,-0.26127222180366516
1785125515879423018,-0.0007225091103464365,8.985966351814568,-0.2673422694206238
1785125515979737495,-0.002308166353031993,8.98439818341285,-0.27565932273864746
1785125516079394223,-0.000108967418782413,8.98678186070174,-0.27322930097579956
1785125516179413414,0.0006532396655529737,8.987855471670628,-0.27578115463256836
1785125516279413159,0.0003417737316340208,8.988085506483912,-0.2821074426174164
1785125516379411030,-0.000776218599639833,8.987554502673447,-0.2905137836933136
1785125516479399093,0.000237435131566599,8.98925833310932,-0.2887589633464813
1785125516579392296,0.00012051770318066701,8.989881623536348,-0.2919418215751648
1785125516679402229,-0.0005051626358181238,8.989918387494981,-0.2965478003025055
1785125516779395873,-0.0005051626358181238,8.989918387494981,-0.2965478003025055
1785125516879389927,-0.001758342026732862,8.989563839510083,-0.3039115071296692
1785125516979439043,-0.0016626701690256596,8.993440739344805,-0.3086360991001129
1785125517079393174,-0.0027297239284962416,8.994297322817147,-0.31588631868362427
1785125517179386919,-0.004393481649458408,8.994497931096703,-0.3251970708370209
1785125517279382057,-0.005219262093305588,8.996308663627133,-0.3225484788417816
1785125517379393014,-0.006685296539217234,8.99707282288,-0.3251153230667114
1785125517479409852,-0.008884369395673275,8.997293363325298,-0.331836462020874
1785125517579393688,-0.011354711838066578,8.99711499363184,-0.3408629894256592
1785125517679368749,-0.009299510158598423,8.998596474295482,-0.3396452069282532
1785125517779375448,-0.008836012333631516,8.999418793886434,-0.3436262905597687
1785125517879358323,-0.009430543519556522,8.999832552450243,-0.3517376184463501
1785125517979364150,-0.010958357714116573,8.999873009801377,-0.36212798953056335
1785125518079369498,-0.009455639868974686,9.000617284502368,-0.36109456419944763
1785125518179367001,-0.009240415878593922,9.000909229391254,-0.36516764760017395
1785125518279354406,-0.009969482198357582,9.001000914722681,-0.3737920820713043
1785125518379365144,-0.011391500011086464,9.000996591639705,-0.3846510648727417
1785125518479359642,-0.008621112443506718,9.001525618834421,-0.38243240118026733
1785125518579370871,-0.007497553247958422,9.001693747821264,-0.38594022393226624
1785125518679354539,-0.007432396989315748,9.00177122023888,-0.39388465881347656
1785125518779331374,-0.008145072497427464,9.001898027025163,-0.4039507508277893
1785125518879354926,-0.006343967281281948,9.005689984187484,-0.4000121057033539
1785125518979376434,-0.005845837760716677,9.008583080023527,-0.402612566947937
1785125519079355153,-0.006278576795011759,9.01121268980205,-0.40999487042427063
1785125519179332100,-0.007435864768922329,9.013187240809202,-0.41999924182891846
1785125519279344312,-0.005784503649920225,9.013745692558587,-0.41768890619277954
1785125519379338091,-0.005419577471911907,9.014402375556529,-0.4213715195655823
1785125519479339232,-0.005561188794672489,9.01478814240545,-0.42969468235969543
1785125519579313724,-0.004767595790326595,9.013515899889171,-0.43988606333732605
1785125519679348779,0.00014441543316934258,9.01158448960632,-0.43256908655166626
1785125519779324644,0.005640861578285694,9.010279345326126,-0.4257667660713196
1785125519879313573,0.01547745056450367,9.007869020104408,-0.4168984591960907
1785125519979350010,0.032879967242479324,9.001856422633864,-0.4078291654586792
1785125520079328280,0.06712483614683151,8.98737377859652,-0.3824590742588043
1785125520179310979,0.12321697920560837,8.974524103105068,-0.3667570948600769
1785125520279322882,0.21805794537067413,8.966673016548157,-0.3557419776916504
1785125520379310450,0.34075167775154114,8.967909388244152,-0.33330175280570984
1785125520479297317,0.4668644368648529,8.970787594094872,-0.2719927430152893
1785125520579301275,0.6063125729560852,8.977324342355132,-0.2109406739473343
1785125520679310213,0.773726761341095,8.98846897855401,-0.14232191443443298
1785125520779316886,0.9389074444770813,9.002905511995777,-0.07826485484838486
1785125520879309593,1.1249573230743408,9.024614695459604,0.007310833316296339
1785125520979310807,1.3021475076675415,9.047024514526129,0.08176006376743317
1785125521079300910,1.4979795217514038,9.071790121495724,0.1583583652973175
1785125521179296845,1.6809686422348022,9.093500904738903,0.22635352611541748
1785125521279305273,1.892621397972107,9.116592139005661,0.3150729537010193
1785125521379298413,2.0863089561462402,9.134927660226822,0.39112627506256104
1785125521479278729,2.294157028198242,9.151505798101425,0.4686051607131958
1785125521579279773,2.4838061332702637,9.163620337843895,0.5369139313697815
1785125521679290205,2.696774959564209,9.179005354642868,0.6249675750732422
1785125521779277324,2.8892807960510254,9.189072370529175,0.700441837310791
1785125521879281614,3.093899726867676,9.195939004421234,0.7778288722038269
1785125521979291775,3.2793397903442383,9.198869824409485,0.846440315246582
1785125522079282301,3.485978603363037,9.20159675180912,0.9363875389099121
1785125522179265123,3.67212176322937,9.200705483555794,1.012853741645813
1785125522279267972,3.8694398403167725,9.196662873029709,1.09038507938385
1785125522379274258,4.047989368438721,9.190475419163704,1.1579982042312622
1785125522479262490,4.249364376068115,9.186255365610123,1.2486120462417603
1785125522579270348,4.430251121520996,9.179882526397705,1.3248203992843628
1785125522679274971,4.621801376342773,9.170749589800835,1.4013394117355347
1785125522779265437,4.79511022567749,9.16058725118637,1.4679765701293945
1785125522879284606,4.984476089477539,9.145098596811295,1.556531310081482
1785125522979319836,5.155768394470215,9.130285993218422,1.6309481859207153
1785125523079266431,5.3382391929626465,9.113908670842648,1.7058054208755493
1785125523179216284,5.504378318786621,9.098693750798702,1.7708088159561157
1785125523279254380,5.6881489753723145,9.081134282052517,1.8574761152267456
1785125523379248274,5.8551106452941895,9.065468490123749,1.9301278591156006
1785125523479205429,6.033621311187744,9.049217782914639,2.00289249420166
1785125523579200275,6.196582794189453,9.0350925847888,2.066310167312622
1785125523679210590,6.374443054199219,9.016242116689682,2.151836395263672
1785125523779256159,6.536988258361816,9.00062077108305,2.223278284072876
1785125523879201092,6.711841583251953,8.985635539516807,2.2946150302886963
1785125523979214352,6.872437953948975,8.973494978621602,2.356410264968872
1785125524079206995,7.046055793762207,8.960403870791197,2.4409220218658447
1785125524179220066,7.205863952636719,8.950187880545855,2.511399030685425
1785125524279249808,7.378749370574951,8.940949402749538,2.581662178039551
1785125524379217996,7.538397789001465,8.934078820049763,2.6427319049835205
1785125524479206712,7.715274810791016,8.926340498030186,2.7252275943756104
1785125524579197671,7.878478050231934,8.92079945653677,2.7954771518707275
1785125524679205092,8.05514144897461,8.916431725025177,2.8654754161834717
1785125524779212593,8.218212127685547,8.913807049393654,2.9259302616119385
1785125524879214182,8.394759178161621,8.906513720750809,3.010281801223755
1785125524979204080,8.557698249816895,8.901796728372574,3.0803780555725098
1785125525079205130,8.734267234802246,8.898419238626957,3.1497764587402344
1785125525179197785,8.89749526977539,8.89679428935051,3.2091689109802246
1785125525279197823,9.075248718261719,8.894047863781452,3.2910656929016113
1785125525379206748,9.239513397216797,8.893091514706612,3.3594090938568115
1785125525479203239,9.417762756347656,8.893495500087738,3.4271278381347656
1785125525579248511,9.582584381103516,8.894991785287857,3.4853532314300537
1785125525679197324,9.76293659210205,8.897915750741959,3.568298578262329
1785125525779216919,9.929436683654785,8.901384696364403,3.637094497680664
1785125525879200677,10.109872817993164,8.905637152493,3.704826831817627
1785125525979221564,10.276628494262695,8.909857548773289,3.7632598876953125
1785125526079195856,10.460172653198242,8.914841301739216,3.845745801925659
1785125526179220621,10.629218101501465,8.919706344604492,3.9140892028808594
1785125526279189573,10.81203842163086,8.925087608397007,3.9816274642944336
1785125526379207205,10.980571746826172,8.930059343576431,4.039305210113525
1785125526479191656,11.165185928344727,8.935868881642818,4.122796535491943
1785125526579199130,11.334906578063965,8.940921265631914,4.191504955291748
1785125526679185624,11.518280982971191,8.946049615740776,4.258823871612549
1785125526779182939,11.687183380126953,8.950464155524969,4.316455364227295
1785125526879193308,11.873652458190918,8.95244101062417,4.399038791656494
1785125526979210790,12.044706344604492,8.954387448728085,4.466624736785889
1785125527079229876,12.229097366333008,8.956523764878511,4.532615661621094
1785125527179198188,12.398576736450195,8.958583932369947,4.5881028175354
1785125527279166660,12.585027694702148,8.962616436183453,4.665010929107666
1785125527379128661,12.752970695495605,8.96580147370696,4.722183704376221
1785125527479173826,12.928292274475098,8.968824909999967,4.771378517150879
1785125527579162135,13.082358360290527,8.9713273961097,4.806976318359375
1785125527679168859,13.250598907470703,8.973906964063644,4.864816665649414
1785125527779173107,13.39388656616211,8.975984711199999,4.904570579528809
1785125527879173169,13.536049842834473,8.978032324463129,4.935554504394531
1785125527979166537,13.6550874710083,8.979715157300234,4.955770969390869
1785125528079154567,13.78471851348877,8.981723953038454,5.000787258148193
1785125528179172403,13.889717102050781,8.983391480520368,5.02925443649292
1785125528279146677,13.98865795135498,8.985049874521792,5.048183917999268
1785125528379132974,14.066960334777832,8.986428500153124,5.05785608291626
1785125528479150780,14.15134048461914,8.989046500995755,5.091394424438477
1785125528579157605,14.215279579162598,8.991322435438633,5.110023498535156
1785125528679149853,14.271082878112793,8.993612756486982,5.1197052001953125
1785125528779134036,14.311220169067383,8.995506911538541,5.12137508392334
1785125528879148165,14.348984718322754,8.998814597143792,5.148111820220947
1785125528979134071,14.373594284057617,9.001352663501166,5.161118030548096
1785125529079133874,14.39077377319336,9.00365008506924,5.164990425109863
1785125529179162982,14.39889907836914,9.005351203493774,5.161789417266846
1785125529279132279,14.404252052307129,9.009017951786518,5.185036659240723
1785125529379132884,14.40278434753418,9.011745578609407,5.194639205932617
1785125529479159247,14.395478248596191,9.014125179499388,5.195096015930176
1785125529579117914,14.384334564208984,9.015719953924417,5.1888298988342285
1785125529679160076,14.366318702697754,9.017255397513509,5.208841800689697
1785125529779114405,14.347384452819824,9.018101379275322,5.215747356414795
1785125529879117434,14.324974060058594,9.018583444878459,5.213799953460693
1785125529979140160,14.30324935913086,9.018674293532968,5.206051826477051
1785125530079116471,14.276002883911133,9.01891547255218,5.225487232208252
1785125530179123029,14.251214027404785,9.018689539283514,5.231891632080078
1785125530279116221,14.225178718566895,9.018072100356221,5.229010581970215
1785125530379110636,14.202193260192871,9.017236035317183,5.219350337982178
1785125530479099371,14.16952896118164,9.017184732481837,5.237423419952393
1785125530579131024,14.142402648925781,9.016748294234276,5.24245548248291
1785125530679095995,14.115994453430176,9.015897205099463,5.238463878631592
1785125530779114354,14.094285011291504,9.014877173118293,5.229068279266357
1785125530879105643,14.065520286560059,9.011358958669007,5.248874187469482
1785125530979109886,14.043000221252441,9.008438863791525,5.2550740242004395
1785125531079095616,14.022453308105469,9.005476376507431,5.251313209533691
1785125531179105391,14.006772994995117,9.00297833303921,5.240908145904541
