timestamp,uav_id,x,y,z
1785406714.187752,4,-5.145785331726074,0.02727508544921875,3.0256478786468506
1785406714.1916244,2,2.3632314205169678,4.325396776199341,2.997485399246216
1785406714.1918561,1,4.841366291046143,0.006002664566040039,2.9868335723876953
1785406714.192274,3,-2.681211471557617,4.305405139923096,2.9888195991516113
1785406714.1944206,5,-2.6550192832946777,-4.337495803833008,3.0205628871917725
1785406714.1954312,6,2.3951611518859863,-4.282604217529297,2.9970860481262207
1785406714.2877965,4,-5.152594566345215,0.02666187286376953,3.054974317550659
1785406714.2916155,2,2.3564929962158203,4.324703574180603,3.0261037349700928
1785406714.2919207,1,4.834672451019287,0.006403207778930664,3.0149717330932617
1785406714.2923505,3,-2.6868908405303955,4.304673671722412,3.0185129642486572
1785406714.2944164,5,-2.661327838897705,-4.336818695068359,3.050922155380249
1785406714.2954328,6,2.3913798332214355,-4.283346176147461,3.0340895652770996
1785406714.3877287,4,-5.15561580657959,0.026068687438964844,3.0828723907470703
1785406714.3916051,2,2.3526248931884766,4.32439649105072,3.056450128555298
1785406714.391839,1,4.830965042114258,0.006665945053100586,3.04445743560791
1785406714.3922567,3,-2.6896681785583496,4.303862571716309,3.0495755672454834
1785406714.3944027,5,-2.6648738384246826,-4.336431503295898,3.0826714038848877
1785406714.395421,6,2.389655113220215,-4.284231185913086,3.070507764816284
1785406714.487723,4,-5.156896114349365,0.025516510009765625,3.1041505336761475
1785406714.491676,2,2.350955009460449,4.324198126792908,3.0754587650299072
1785406714.4920354,1,4.829489231109619,0.006658315658569336,3.0628397464752197
1785406714.4925034,3,-2.6906278133392334,4.302955150604248,3.0693416595458984
1785406714.4944167,5,-2.66641902923584,-4.336366653442383,3.1025917530059814
1785406714.4954166,6,2.3892362117767334,-4.2849884033203125,3.0933001041412354
1785406714.5877295,4,-5.1577534675598145,0.024982452392578125,3.1181483268737793
1785406714.5916107,2,2.3486168384552,4.324307203292847,3.092803716659546
1785406714.5918524,1,4.827613830566406,0.006692647933959961,3.0794849395751953
1785406714.5922785,3,-2.692073345184326,4.301920413970947,3.0876173973083496
1785406714.5944328,5,-2.667639970779419,-4.33648681640625,3.117422342300415
1785406714.595416,6,2.389718770980835,-4.28570556640625,3.105982542037964
1785406714.6877239,4,-5.166713714599609,0.024178504943847656,3.159820795059204
1785406714.6916196,2,2.338766098022461,4.32566511631012,3.1316449642181396
1785406714.6918545,1,4.819013595581055,0.007982492446899414,3.1156909465789795
1785406714.6924257,3,-2.6998441219329834,4.300991535186768,3.1261987686157227
1785406714.6944466,5,-2.677513837814331,-4.336845397949219,3.1577529907226562
1785406714.695441,6,2.3827013969421387,-4.287530899047852,3.1495509147644043
1785406714.7877789,4,-5.172859191894531,0.0233612060546875,3.186081886291504
1785406714.7916245,2,2.33174729347229,4.3267213106155396,3.1552116870880127
1785406714.7919407,1,4.813222885131836,0.008894920349121094,3.1376986503601074
1785406714.7925293,3,-2.7049148082733154,4.300081253051758,3.1495141983032227
1785406714.7943964,5,-2.6847169399261475,-4.337446212768555,3.182709217071533
1785406714.7954156,6,2.37762713432312,-4.28911018371582,3.1769602298736572
1785406714.8877974,4,-5.175999641418457,0.022500991821289062,3.19663143157959
1785406714.8916175,2,2.327995777130127,4.327225089073181,3.1635448932647705
1785406714.8918695,1,4.810439586639404,0.009403705596923828,3.145423412322998
1785406714.8923595,3,-2.7071902751922607,4.299219131469727,3.157808542251587
1785406714.8943944,5,-2.6887001991271973,-4.338020324707031,3.192082643508911
1785406714.8954368,6,2.3748278617858887,-4.290166854858398,3.187713861465454
1785406714.987746,4,-5.178030490875244,0.02155590057373047,3.20131254196167
1785406714.9916198,2,2.3253684043884277,4.327265501022339,3.166147232055664
1785406714.9918582,1,4.80814790725708,0.010196924209594727,3.151854991912842
1785406714.9922907,3,-2.7097623348236084,4.297947883605957,3.1642439365386963
1785406714.9944158,5,-2.69140887260437,-4.338449478149414,3.195645332336426
1785406714.9954376,6,2.373551845550537,-4.290916442871094,3.187826156616211
1785406715.0877469,4,-5.188339710235596,0.02042102813720703,3.235565662384033
1785406715.0916257,2,2.3147401809692383,4.327150464057922,3.1970856189727783
1785406715.091872,1,4.801314830780029,0.013210773468017578,3.1829113960266113
1785406715.092294,3,-2.719548225402832,4.295165061950684,3.1945793628692627
1785406715.0944402,5,-2.6998558044433594,-4.338336944580078,3.228292942047119
1785406715.0954878,6,2.3634796142578125,-4.292421340942383,3.222891092300415
1785406715.1877587,4,-5.193786144256592,0.019565582275390625,3.2507026195526123
1785406715.1916335,2,2.3078529834747314,4.326590657234192,3.212562322616577
1785406715.1918776,1,4.796815872192383,0.01539301872253418,3.1992361545562744
1785406715.192312,3,-2.725978136062622,4.292466640472412,3.209768772125244
1785406715.1944401,5,-2.7051479816436768,-4.338062286376953,3.2458767890930176
1785406715.19543,6,2.3559744358062744,-4.293268203735352,3.242013454437256
1785406715.287865,4,-5.196043014526367,0.018838882446289062,3.25344181060791
1785406715.2916331,2,2.3036715984344482,4.325411438941956,3.2154884338378906
1785406715.2919075,1,4.7946295738220215,0.016514062881469727,3.201815128326416
1785406715.2923658,3,-2.7288286685943604,4.290083885192871,3.2112884521484375
1785406715.2944732,5,-2.7072999477386475,-4.337663650512695,3.2492339611053467
1785406715.295511,6,2.35147762298584,-4.293403625488281,3.245781898498535
1785406715.3877647,4,-5.196465969085693,0.018171310424804688,3.2504332065582275
1785406715.39164,2,2.301496982574463,4.324115753173828,3.213090419769287
1785406715.3918958,1,4.791745662689209,0.017354965209960938,3.202836036682129
1785406715.3923347,3,-2.731283187866211,4.2876410484313965,3.2108066082000732
1785406715.3944194,5,-2.7078001499176025,-4.336734771728516,3.2470154762268066
1785406715.395435,6,2.348625898361206,-4.292806625366211,3.2391767501831055
1785406715.4877338,4,-5.204447269439697,0.016431808471679688,3.2783594131469727
1785406715.4916594,2,2.2936716079711914,4.324971914291382,3.241814374923706
1785406715.4919193,1,4.780891418457031,0.01905369758605957,3.228787660598755
1785406715.4923863,3,-2.740337610244751,4.285958290100098,3.234842538833618
1785406715.4944346,5,-2.7141458988189697,-4.333780288696289,3.274081230163574
1785406715.4954555,6,2.336981773376465,-4.29278564453125,3.268094062805176
1785406715.5878432,4,-5.2071027755737305,0.0152435302734375,3.2881088256835938
1785406715.5916595,2,2.2895686626434326,4.324360132217407,3.2523603439331055
1785406715.5919335,1,4.7724833488464355,0.019893407821655273,3.2398681640625
1785406715.5923955,3,-2.7451868057250977,4.283431529998779,3.244429588317871
1785406715.594467,5,-2.716845750808716,-4.330411911010742,3.2860169410705566
1785406715.595447,6,2.328165054321289,-4.291505813598633,3.2811226844787598
1785406715.6877944,4,-5.205959320068359,0.0143280029296875,3.286085844039917
1785406715.6916292,2,2.287611961364746,4.32224428653717,3.250671148300171
1785406715.6918771,1,4.766952037811279,0.019927501678466797,3.2378225326538086
1785406715.6922927,3,-2.745955467224121,4.280445575714111,3.24157977104187
1785406715.6944385,5,-2.7161576747894287,-4.32691764831543,3.284287929534912
1785406715.6955154,6,2.322695732116699,-4.289262771606445,3.280092716217041
1785406715.7877893,4,-5.202049255371094,0.013685226440429688,3.278165578842163
1785406715.7916737,2,2.286501407623291,4.319055080413818,3.2433393001556396
1785406715.7920325,1,4.760661602020264,0.020706892013549805,3.2340219020843506
1785406715.792636,3,-2.74534010887146,4.277053356170654,3.2374019622802734
1785406715.7944248,5,-2.7137515544891357,-4.322383880615234,3.2770543098449707
1785406715.795438,6,2.3190841674804688,-4.285623550415039,3.2689731121063232
1785406715.8877552,4,-5.205720901489258,0.014055252075195312,3.2999536991119385
1785406715.8916426,2,2.275263547897339,4.319199204444885,3.2657265663146973
1785406715.8919623,1,4.747170448303223,0.02674698829650879,3.2548294067382812
1785406715.8924267,3,-2.7506754398345947,4.2753729820251465,3.259004592895508
1785406715.894424,5,-2.7205135822296143,-4.316997528076172,3.29996919631958
1785406715.8954384,6,2.3080198764801025,-4.28386116027832,3.294027805328369
1785406715.9877882,4,-5.203575611114502,0.014292716979980469,3.307307004928589
1785406715.9916222,2,2.267089605331421,4.316708445549011,3.2732694149017334
1785406715.9918501,1,4.735634803771973,0.031234025955200195,3.2613184452056885
1785406715.9924662,3,-2.7511215209960938,4.272027492523193,3.266244649887085
1785406715.9944272,5,-2.7225914001464844,-4.31036376953125,3.307678461074829
1785406715.9954548,6,2.299534320831299,-4.280035018920898,3.3037233352661133
1785406716.0877967,4,-5.196066856384277,0.014430046081542969,3.301753044128418
1785406716.0916712,2,2.262244701385498,4.312086462974548,3.268414258956909
1785406716.0919201,1,4.726917266845703,0.03376173973083496,3.2557320594787598
1785406716.0923555,3,-2.747434139251709,4.267337322235107,3.26153826713562
1785406716.0944872,5,-2.720531463623047,-4.303369522094727,3.3027679920196533
1785406716.0954506,6,2.2940704822540283,-4.274724960327148,3.2997376918792725
1785406716.187769,4,-5.1860175132751465,0.014815330505371094,3.2926645278930664
1785406716.1916368,2,2.257056713104248,4.305553555488586,3.262099027633667
1785406716.1918797,1,4.716574668884277,0.036008596420288086,3.2484850883483887
1785406716.1923196,3,-2.7422244548797607,4.260977268218994,3.255120277404785
1785406716.1944408,5,-2.715585470199585,-4.294406890869141,3.2923076152801514
1785406716.1954417,6,2.2901558876037598,-4.266990661621094,3.285578489303589
1785406716.2878132,4,-5.183055400848389,0.017436981201171875,3.313403606414795
1785406716.2916577,2,2.2445881366729736,4.301222920417786,3.2811219692230225
1785406716.2919757,1,4.697874069213867,0.040933847427368164,3.2661640644073486
1785406716.2924194,3,-2.7449536323547363,4.255600452423096,3.2740321159362793
1785406716.2944572,5,-2.7167837619781494,-4.283489227294922,3.312990427017212
1785406716.2954607,6,2.2778565883636475,-4.260648727416992,3.3075366020202637
1785406716.3877597,4,-5.173086166381836,0.019758224487304688,3.3195481300354004
1785406716.3916318,2,2.2348451614379883,4.293193221092224,3.2857439517974854
1785406716.3918676,1,4.68060827255249,0.0441281795501709,3.270099401473999
1785406716.3924327,3,-2.7419164180755615,4.247211933135986,3.278960704803467
1785406716.3944387,5,-2.712695837020874,-4.27086067199707,3.3189995288848877
1785406716.3954499,6,2.2677969932556152,-4.25108528137207,3.3143439292907715
1785406716.4878006,4,-5.158595085144043,0.02152252197265625,3.3137385845184326
1785406716.4916675,2,2.2283926010131836,4.282814145088196,3.2784478664398193
1785406716.4919248,1,4.666403770446777,0.04550647735595703,3.2630910873413086
1785406716.4923863,3,-2.7345433235168457,4.237040996551514,3.2724764347076416
1785406716.4944594,5,-2.7047784328460693,-4.258159637451172,3.3128702640533447
1785406716.495471,6,2.2606699466705322,-4.2399749755859375,3.3081278800964355
1785406716.587811,4,-5.139161109924316,0.02303600311279297,3.3023159503936768
1785406716.591664,2,2.2227206230163574,4.270257949829102,3.2672791481018066
1785406716.591911,1,4.650442123413086,0.04621767997741699,3.254744052886963
1785406716.5923402,3,-2.724717378616333,4.223934650421143,3.2642087936401367
1785406716.5944445,5,-2.693427801132202,-4.243083953857422,3.3012943267822266
1785406716.5954547,6,2.254666805267334,-4.225515365600586,3.292025327682495
1785406716.6877942,4,-5.1298441886901855,0.024991989135742188,3.321016311645508
1785406716.6916995,2,2.2071335315704346,4.258747816085815,3.284940719604492
1785406716.6920433,1,4.628784656524658,0.04806780815124512,3.27139949798584
1785406716.6925812,3,-2.7225592136383057,4.211156845092773,3.282269239425659
1785406716.6944587,5,-2.6897809505462646,-4.227754592895508,3.320141315460205
1785406716.6954594,6,2.2398345470428467,-4.209465026855469,3.3123576641082764
1785406716.7877946,4,-5.112077713012695,0.026389122009277344,3.3255648612976074
1785406716.7916665,2,2.1952571868896484,4.243221998214722,3.287041425704956
1785406716.7920327,1,4.6074724197387695,0.04833412170410156,3.27461838722229
1785406716.7926464,3,-2.7147727012634277,4.195818901062012,3.2866125106811523
1785406716.7944798,5,-2.680191993713379,-4.209585189819336,3.324493408203125
1785406716.79545,6,2.227828025817871,-4.191581726074219,3.3175182342529297
1785406716.8877811,4,-5.089651584625244,0.027031898498535156,3.318373441696167
1785406716.8916585,2,2.186580181121826,4.225641250610352,3.2786920070648193
1785406716.8919132,1,4.588955879211426,0.047396183013916016,3.2670698165893555
1785406716.8923445,3,-2.7011501789093018,4.176545143127441,3.2790353298187256
1785406716.8944519,5,-2.667177677154541,-4.19117546081543,3.3171966075897217
1785406716.8954673,6,2.2170979976654053,-4.170164108276367,3.309703826904297
1785406716.9877458,4,-5.0607500076293945,0.027379989624023438,3.305757522583008
1785406716.9916487,2,2.1766114234924316,4.204643964767456,3.2690675258636475
1785406716.991886,1,4.567215919494629,0.04670095443725586,3.258395195007324
1785406716.992481,3,-2.6849942207336426,4.155664920806885,3.2697978019714355
1785406716.9944348,5,-2.6501331329345703,-4.169155120849609,3.3043999671936035
1785406716.995469,6,2.2081689834594727,-4.146724700927734,3.2925992012023926
1785406717.087813,4,-5.040587425231934,0.0287017822265625,3.3237483501434326
1785406717.0916474,2,2.158273935317993,4.187614440917969,3.28482723236084
1785406717.0918913,1,4.537814140319824,0.051070213317871094,3.275142192840576
1785406717.0923223,3,-2.6752376556396484,4.138753414154053,3.2859060764312744
1785406717.0944695,5,-2.6409194469451904,-4.14378547668457,3.322056531906128
1785406717.095527,6,2.1917929649353027,-4.12303352355957,3.311429977416992
1785406717.187835,4,-5.011054515838623,0.029364585876464844,3.3275532722473145
1785406717.1916437,2,2.142035722732544,4.16471803188324,3.287248373031616
1785406717.1918974,1,4.508124828338623,0.05338573455810547,3.278425693511963
1785406717.192335,3,-2.658642530441284,4.1165876388549805,3.2880208492279053
1785406717.194581,5,-2.6253092288970947,-4.115283966064453,3.325425863265991
1785406717.1954677,6,2.176981210708618,-4.0954132080078125,3.315871238708496
1785406717.287827,4,-4.974817276000977,0.02947235107421875,3.318572998046875
1785406717.2916813,2,2.1294898986816406,4.140064001083374,3.279076337814331
1785406717.2920163,1,4.481786251068115,0.05375552177429199,3.2707982063293457
1785406717.2926285,3,-2.638737916946411,4.093011856079102,3.2788541316986084
1785406717.2944732,5,-2.606565475463867,-4.087890625,3.317401170730591
1785406717.295464,6,2.165147304534912,-4.068075180053711,3.3082494735717773
1785406717.3877978,4,-4.9372663497924805,0.029700279235839844,3.3060474395751953
1785406717.3916607,2,2.1159512996673584,4.110836029052734,3.269691228866577
1785406717.391971,1,4.451646327972412,0.05353593826293945,3.261798143386841
1785406717.3924067,3,-2.615100860595703,4.064855575561523,3.2682535648345947
1785406717.3944638,5,-2.583146810531616,-4.056598663330078,3.3038413524627686
1785406717.3954701,6,2.1536831855773926,-4.036426544189453,3.2911930084228516
1785406717.4877803,4,-4.902408123016357,0.0354156494140625,3.322756767272949
1785406717.4916391,2,2.0965752601623535,4.085400938987732,3.285735845565796
1785406717.491859,1,4.4149861335754395,0.0556488037109375,3.2775490283966064
1785406717.4924486,3,-2.5989770889282227,4.038092613220215,3.2831461429595947
1785406717.4944675,5,-2.567002296447754,-4.0243682861328125,3.3214712142944336
1785406717.4955072,6,2.1374051570892334,-4.00242805480957,3.3103902339935303
1785406717.5878017,4,-4.863640308380127,0.039078712463378906,3.3239617347717285
1785406717.5916703,2,2.0789003372192383,4.053339838981628,3.2882256507873535
1785406717.5919206,1,4.3772430419921875,0.05600881576538086,3.2799813747406006
1785406717.5923796,3,-2.575835943222046,4.005712032318115,3.2847084999084473
1785406717.5944626,5,-2.5443155765533447,-3.9886093139648438,3.3248586654663086
1785406717.5954776,6,2.121734857559204,-3.9644508361816406,3.3149569034576416
1785406717.6877956,4,-4.815678119659424,0.04171562194824219,3.313228130340576
1785406717.691689,2,2.0647172927856445,4.020083427429199,3.280027151107788
1785406717.692003,1,4.3434624671936035,0.05512690544128418,3.271541118621826
1785406717.6924393,3,-2.550278902053833,3.9729385375976562,3.2757210731506348
1785406717.6944726,5,-2.5194990634918213,-3.954547882080078,3.3165833950042725
1785406717.6954875,6,2.108349084854126,-3.928281784057617,3.3074562549591064
1785406717.7878075,4,-4.767696380615234,0.04344654083251953,3.2997963428497314
1785406717.791682,2,2.0510849952697754,3.983708381652832,3.2684574127197266
1785406717.7919405,1,4.3053131103515625,0.053709983825683594,3.2616963386535645
1785406717.7923958,3,-2.5204713344573975,3.935380458831787,3.2656850814819336
1785406717.7944853,5,-2.4901647567749023,-3.9158191680908203,3.3027255535125732
1785406717.7955153,6,2.0945823192596436,-3.8878040313720703,3.2906334400177
1785406717.8878036,4,-4.725344181060791,0.04818916320800781,3.314990520477295
1785406717.8916693,2,2.028207302093506,3.9413623809814453,3.285491704940796
1785406717.8919222,1,4.260522365570068,0.054785966873168945,3.2771644592285156
1785406717.8923507,3,-2.497504711151123,3.9023280143737793,3.2812860012054443
1785406717.8944848,5,-2.470329999923706,-3.873403549194336,3.3191192150115967
1785406717.895495,6,2.0706045627593994,-3.8451385498046875,3.309068441390991
1785406717.9877965,4,-4.6729888916015625,0.051464080810546875,3.3166072368621826
1785406717.9916773,2,2.009704113006592,3.8996503353118896,3.287670373916626
1785406717.991943,1,4.214378356933594,0.054271697998046875,3.27919340133667
1785406717.9923785,3,-2.46761417388916,3.8630051612854004,3.2835500240325928
1785406717.994484,5,-2.443648338317871,-3.8275604248046875,3.3211796283721924
1785406717.995478,6,2.047539472579956,-3.798715591430664,3.3127052783966064
1785406718.0878055,4,-4.619776248931885,0.05302619934082031,3.3075010776519775
1785406718.0916739,2,1.9916832447052002,3.8520114421844482,3.278628349304199
1785406718.091916,1,4.173150062561035,0.05262422561645508,3.2706778049468994
1785406718.0923488,3,-2.436298370361328,3.8237457275390625,3.274920701980591
1785406718.0945215,5,-2.41511607170105,-3.7849788665771484,3.311631441116333
1785406718.0955133,6,2.0281224250793457,-3.755552291870117,3.304251194000244
1785406718.187792,4,-4.558443069458008,0.053872108459472656,3.293447971343994
1785406718.1916597,2,1.97301185131073,3.802640676498413,3.2683937549591064
1785406718.1919086,1,4.127580165863037,0.05039262771606445,3.260831117630005
1785406718.1923327,3,-2.4027059078216553,3.7820310592651367,3.262993812561035
1785406718.194501,5,-2.3813092708587646,-3.738004684448242,3.2968432903289795
1785406718.195498,6,2.00844144821167,-3.708301544189453,3.2868354320526123
1785406718.2878084,4,-4.505707263946533,0.05929374694824219,3.309274673461914
1785406718.291683,2,1.946821928024292,3.757622003555298,3.2828588485717773
1785406718.2919307,1,4.078103542327881,0.05042457580566406,3.2762999534606934
1785406718.2923353,3,-2.3710460662841797,3.7357959747314453,3.280477285385132
1785406718.2944837,5,-2.353132486343384,-3.690641403198242,3.313239574432373
1785406718.2955146,6,1.9797964096069336,-3.660104751586914,3.3049514293670654
1785406718.3878012,4,-4.443355083465576,0.06277656555175781,3.3115193843841553
1785406718.3916728,2,1.9235365390777588,3.710618257522583,3.2844150066375732
1785406718.3919034,1,4.026833534240723,0.04897665977478027,3.278644323348999
1785406718.392479,3,-2.335278034210205,3.686828136444092,3.282668113708496
1785406718.3944767,5,-2.3186774253845215,-3.639650344848633,3.3157155513763428
1785406718.3954973,6,1.9521173238754272,-3.6083335876464844,3.308612108230591
1785406718.487797,4,-4.376632213592529,0.06427574157714844,3.3015151023864746
1785406718.4916751,2,1.9007925987243652,3.6578023433685303,3.2751312255859375
1785406718.4919107,1,3.980823278427124,0.04656505584716797,3.270505905151367
1785406718.4924736,3,-2.2994234561920166,3.6396493911743164,3.274183750152588
1785406718.494484,5,-2.284038543701172,-3.5926895141601562,3.306732654571533
1785406718.4954815,6,1.9287527799606323,-3.560873031616211,3.300551414489746
1785406718.5878072,4,-4.312489032745361,0.06443023681640625,3.2885313034057617
1785406718.5916674,2,1.879209280014038,3.60317063331604,3.261411190032959
1785406718.591918,1,3.93005633354187,0.04421854019165039,3.261223793029785
1785406718.5925024,3,-2.259676933288574,3.587552070617676,3.2644803524017334
1785406718.5944645,5,-2.2446296215057373,-3.540987014770508,3.292632579803467
1785406718.595503,6,1.905394434928894,-3.509397506713867,3.2830607891082764
1785406718.6878061,4,-4.247517108917236,0.06706047058105469,3.3048086166381836
1785406718.6916826,2,1.852117896080017,3.5511388778686523,3.2776098251342773
1785406718.6919549,1,3.8757705688476562,0.046776771545410156,3.276691198348999
1785406718.6924083,3,-2.227731943130493,3.5416345596313477,3.279566526412964
1785406718.694536,5,-2.2122457027435303,-3.484851837158203,3.308156728744507
1785406718.6955025,6,1.8723878860473633,-3.455860137939453,3.299147129058838
1785406718.7878344,4,-4.183859348297119,0.06749248504638672,3.306323289871216
1785406718.7916915,2,1.8260033130645752,3.493755578994751,3.280632734298706
1785406718.7919943,1,3.819664478302002,0.04767155647277832,3.2785940170288086
1785406718.7924235,3,-2.1895711421966553,3.489663600921631,3.2812538146972656
1785406718.7945476,5,-2.1741037368774414,-3.426055908203125,3.3098342418670654
1785406718.795555,6,1.8408657312393188,-3.3992271423339844,3.301208734512329
1785406718.887829,4,-4.117528915405273,0.0664205551147461,3.2975575923919678
1785406718.891712,2,1.8040430545806885,3.4399867057800293,3.272965669631958
1785406718.8919702,1,3.769585371017456,0.04720044136047363,3.270167827606201
1785406718.8924146,3,-2.1519100666046143,3.440042495727539,3.2722578048706055
1785406718.8944497,5,-2.136762857437134,-3.3732528686523438,3.30039644241333
1785406718.8955147,6,1.814629077911377,-3.347932815551758,3.292510747909546
1785406718.9878204,4,-4.044088363647461,0.06472301483154297,3.283726215362549
1785406718.9917002,2,1.7803211212158203,3.380798101425171,3.2643027305603027
1785406718.9919481,1,3.714113473892212,0.046423912048339844,3.2605626583099365
1785406718.992404,3,-2.11039137840271,3.3850135803222656,3.261922836303711
1785406718.9945452,5,-2.094933032989502,-3.3167362213134766,3.285734176635742
1785406718.9955113,6,1.788750410079956,-3.2931575775146484,3.274977207183838
1785406719.0878043,4,-3.981778144836426,0.06946468353271484,3.2987799644470215
1785406719.0916808,2,1.7522262334823608,3.324791193008423,3.2805445194244385
1785406719.0919225,1,3.652806282043457,0.04886627197265625,3.276167154312134
1785406719.092343,3,-2.0761687755584717,3.3344788551330566,3.277022361755371
1785406719.0945344,5,-2.060281991958618,-3.2581100463867188,3.3003036975860596
1785406719.0955572,6,1.7521443367004395,-3.234987258911133,3.2916276454925537
1785406719.18781,4,-3.910954475402832,0.07192134857177734,3.3001153469085693
1785406719.191686,2,1.7251266241073608,3.2642717361450195,3.283000946044922
1785406719.1919246,1,3.5903451442718506,0.04950690269470215,3.2783379554748535
1785406719.1923437,3,-2.03625226020813,3.2783422470092773,3.278831720352173
1785406719.1945357,5,-2.0205159187316895,-3.197610855102539,3.3015642166137695
1785406719.1955285,6,1.7175688743591309,-3.174673080444336,3.2946834564208984
1785406719.2878222,4,-3.837766170501709,0.07230186462402344,3.2894675731658936
1785406719.2917173,2,1.702394962310791,3.208655834197998,3.2748541831970215
1785406719.2919612,1,3.535569906234741,0.04857063293457031,3.2697863578796387
1785406719.2924128,3,-1.993856430053711,3.2255501747131348,3.274977684020996
1785406719.2944806,5,-1.9823129177093506,-3.1439666748046875,3.2921645641326904
1785406719.295518,6,1.6893426179885864,-3.121063232421875,3.2866950035095215
1785406719.3878095,4,-3.7693886756896973,0.07159137725830078,3.2762086391448975
1785406719.391693,2,1.6789038181304932,3.1486823558807373,3.261857748031616
1785406719.3919446,1,3.4757378101348877,0.04696059226989746,3.2593581676483154
1785406719.3923583,3,-1.93659245967865,3.167759895324707,3.2721481323242188
1785406719.3945086,5,-1.940376877784729,-3.0869789123535156,3.277977228164673
1785406719.3955102,6,1.6621204614639282,-3.0650253295898438,3.269942045211792
1785406719.4878151,4,-3.706289768218994,0.07534980773925781,3.291823387145996
1785406719.491709,2,1.6505998373031616,3.0933384895324707,3.2783219814300537
1785406719.4919405,1,3.4089696407318115,0.04838299751281738,3.2732789516448975
1785406719.4924436,3,-1.8750295639038086,3.1139259338378906,3.2898120880126953
1785406719.4944592,5,-1.9066660404205322,-3.0274696350097656,3.2928810119628906
1785406719.4955084,6,1.6270322799682617,-3.0063304901123047,3.287743091583252
1785406719.5878367,4,-3.6356589794158936,0.07666969299316406,3.293816566467285
1785406719.5916874,2,1.6232892274856567,3.034134864807129,3.281195878982544
1785406719.5920002,1,3.3424770832061768,0.04812192916870117,3.2743780612945557
1785406719.5924432,3,-1.785491704940796,3.055436134338379,3.2917087078094482
1785406719.5944839,5,-1.86809504032135,-2.9667892456054688,3.2942614555358887
1785406719.5955517,6,1.5944887399673462,-2.9466304779052734,3.291344404220581
1785406719.687847,4,-3.569167137145996,0.0758962631225586,3.2851321697235107
1785406719.6916995,2,1.6005462408065796,2.980191946029663,3.273221015930176
1785406719.6919463,1,3.2855265140533447,0.04654288291931152,3.265390396118164
1785406719.6923845,3,-1.6863130331039429,3.001534938812256,3.281532049179077
1785406719.6944814,5,-1.8312702178955078,-2.9136505126953125,3.284895896911621
1785406719.6955302,6,1.5683695077896118,-2.8945369720458984,3.2835869789123535
1785406719.7878208,4,-3.497136116027832,0.07392311096191406,3.2715208530426025
1785406719.7916873,2,1.5786879062652588,2.9267818927764893,3.2612617015838623
1785406719.7919264,1,3.2252721786499023,0.04419088363647461,3.2553627490997314
1785406719.79235,3,-1.570684790611267,2.9437155723571777,3.2694029808044434
1785406719.794481,5,-1.7936969995498657,-2.8631229400634766,3.2685458660125732
1785406719.7955637,6,1.5435447692871094,-2.840909957885742,3.2670726776123047
1785406719.8878367,4,-3.4329910278320312,0.07609844207763672,3.2874906063079834
1785406719.8917005,2,1.5453860759735107,2.868152618408203,3.278005361557007
1785406719.8919373,1,3.1612277030944824,0.04380488395690918,3.2695112228393555
1785406719.8923745,3,-1.4746308326721191,2.8917322158813477,3.282646417617798
1785406719.8945124,5,-1.761883020401001,-2.8023815155029297,3.2850184440612793
1785406719.8956969,6,1.511121392250061,-2.789133071899414,3.2837302684783936
1785406719.9878561,4,-3.3722426891326904,0.07573986053466797,3.2889585494995117
1785406719.9916966,2,1.5165059566497803,2.811173677444458,3.2796788215637207
1785406719.991926,1,3.0983455181121826,0.04195237159729004,3.270922899246216
1785406719.9924877,3,-1.3690022230148315,2.8401684761047363,3.2833781242370605
1785406719.9945025,5,-1.7277995347976685,-2.7461204528808594,3.2862391471862793
1785406719.9955263,6,1.4812999963760376,-2.7364253997802734,3.286886215209961
1785406720.0878317,4,-3.3106319904327393,0.07370853424072266,3.280287981033325
1785406720.091695,2,1.4929815530776978,2.759939432144165,3.2708704471588135
1785406720.0919669,1,3.0452120304107666,0.03923821449279785,3.262666940689087
1785406720.0924475,3,-1.247069239616394,2.785073757171631,3.2730274200439453
1785406720.0945315,5,-1.6950345039367676,-2.6975650787353516,3.2771718502044678
1785406720.0955155,6,1.457710862159729,-2.690458297729492,3.278892755508423
1785406720.1878517,4,-3.2441766262054443,0.07059669494628906,3.2661898136138916
1785406720.191716,2,1.4709992408752441,2.709954023361206,3.258948564529419
1785406720.1919892,1,2.9894967079162598,0.036557674407958984,3.253262758255005
1785406720.1924503,3,-1.1211581230163574,2.731326103210449,3.261568307876587
1785406720.194514,5,-1.6593289375305176,-2.647317886352539,3.2633867263793945
1785406720.195539,6,1.435829997062683,-2.643238067626953,3.262075901031494
1785406720.2878592,4,-3.1848583221435547,0.07188796997070312,3.2814676761627197
1785406720.2917583,2,1.4390720129013062,2.656250476837158,3.2742669582366943
1785406720.292099,1,2.9301443099975586,0.03818345069885254,3.2684926986694336
1785406720.2927065,3,-1.007539987564087,2.683889389038086,3.2743051052093506
1785406720.2945373,5,-1.6328623294830322,-2.5966320037841797,3.2780606746673584
1785406720.2955616,6,1.4024631977081299,-2.5933971405029297,3.2784202098846436
1785406720.3878345,4,-3.1292471885681152,0.07100677490234375,3.2825515270233154
1785406720.391732,2,1.4139021635055542,2.6086537837982178,3.2754809856414795
1785406720.3919697,1,2.873051404953003,0.03823065757751465,3.2706563472747803
1785406720.3923957,3,-0.8824763894081116,2.633605480194092,3.2738516330718994
1785406720.3945348,5,-1.6023486852645874,-2.546377182006836,3.2799322605133057
1785406720.3955534,6,1.3726301193237305,-2.5437068939208984,3.2812254428863525
1785406720.4878376,4,-3.068810224533081,0.06842041015625,3.272662878036499
1785406720.4917407,2,1.3903048038482666,2.559225559234619,3.266110420227051
1785406720.491992,1,2.825730800628662,0.03702974319458008,3.2625155448913574
1785406720.492401,3,-0.7672688961029053,2.5884742736816406,3.263759136199951
1785406720.494492,5,-1.5730342864990234,-2.5036182403564453,3.2713372707366943
1785406720.4955347,6,1.349779486656189,-2.501211166381836,3.273360252380371
1785406720.5878754,4,-3.013889789581299,0.06511878967285156,3.2598042488098145
1785406720.5917177,2,1.3691257238388062,2.511965751647949,3.25223970413208
1785406720.5919628,1,2.777117967605591,0.03532099723815918,3.2532503604888916
1785406720.592396,3,-0.6452528238296509,2.541332244873047,3.252519369125366
1785406720.5944927,5,-1.5431110858917236,-2.4639625549316406,3.255634307861328
1785406720.5955334,6,1.3293380737304688,-2.458526611328125,3.2569448947906494
1785406720.6878464,4,-2.964730739593506,0.06425762176513672,3.2740225791931152
1785406720.6917107,2,1.3433470726013184,2.4693875312805176,3.266624927520752
1785406720.6919565,1,2.7257063388824463,0.03594470024108887,3.2676632404327393
1785406720.6923757,3,-0.5386806726455688,2.500298500061035,3.2656826972961426
1785406720.694497,5,-1.5184917449951172,-2.4171905517578125,3.271848678588867
1785406720.6955466,6,1.3038148880004883,-2.4200096130371094,3.273327112197876
1785406720.7878387,4,-2.911238431930542,0.06151866912841797,3.274881601333618
1785406720.7917259,2,1.3217524290084839,2.4289634227752686,3.2687439918518066
1785406720.7919838,1,2.6772594451904297,0.035221099853515625,3.269263505935669
1785406720.792413,3,-0.42691534757614136,2.45723819732666,3.26625657081604
1785406720.794491,5,-1.4921975135803223,-2.3750171661376953,3.273555278778076
1785406720.7956018,6,1.281195878982544,-2.3815155029296875,3.278536558151245
1785406720.8878756,4,-2.8622922897338867,0.057745933532714844,3.265807867050171
1785406720.8917434,2,1.3020776510238647,2.3874833583831787,3.260244369506836
1785406720.892023,1,2.6381542682647705,0.033490657806396484,3.2608954906463623
1785406720.8925755,3,-0.3281547427177429,2.418914794921875,3.257152795791626
1785406720.8945053,5,-1.4670653343200684,-2.3396339416503906,3.265040636062622
1785406720.8955452,6,1.2615405321121216,-2.343442916870117,3.2721500396728516
1785406720.9878507,4,-2.810882329940796,0.05316162109375,3.252265453338623
1785406720.991731,2,1.2836754322052002,2.3478591442108154,3.250941038131714
1785406720.9920304,1,2.602647304534912,0.031502723693847656,3.249481678009033
1785406720.9924839,3,-0.2266189157962799,2.379368782043457,3.247013568878174
1785406720.9945168,5,-1.4399851560592651,-2.304302215576172,3.251706600189209
1785406720.995536,6,1.2471705675125122,-2.311473846435547,3.2584328651428223
1785406721.0878026,4,-2.7675178050994873,0.05282783508300781,3.267618417739868
1785406721.0917163,2,1.2604886293411255,2.311386823654175,3.2652904987335205
1785406721.0919564,1,2.5578930377960205,0.034348487854003906,3.2664172649383545
1785406721.0923886,3,-0.1377423107624054,2.345672607421875,3.261249303817749
1785406721.0945077,5,-1.4204332828521729,-2.269838333129883,3.2673332691192627
1785406721.0955272,6,1.2238578796386719,-2.274385452270508,3.2729480266571045
1785406721.1878476,4,-2.727531909942627,0.05089378356933594,3.269226551055908
1785406721.1917179,2,1.2402509450912476,2.2747652530670166,3.2668569087982178
1785406721.1919599,1,2.5203945636749268,0.03535270690917969,3.2686474323272705
1785406721.1924126,3,-0.04837346449494362,2.310818672180176,3.262556791305542
1785406721.1945336,5,-1.398013710975647,-2.2369308471679688,3.269545793533325
1785406721.195559,6,1.2058197259902954,-2.2429771423339844,3.2783806324005127
1785406721.2879705,4,-2.6881487369537354,0.04783344268798828,3.2614715099334717
1785406721.2917728,2,1.2252473831176758,2.243466377258301,3.2584340572357178
1785406721.2920747,1,2.4911561012268066,0.0350346565246582,3.260748863220215
1785406721.292581,3,0.02763623371720314,2.2802505493164062,3.253931999206543
1785406721.2945213,5,-1.3767902851104736,-2.2099456787109375,3.2615387439727783
1785406721.2957194,6,1.1910605430603027,-2.2125701904296875,3.272027015686035
1785406721.3878846,4,-2.647138833999634,0.04411125183105469,3.249082088470459
1785406721.3917801,2,1.2106696367263794,2.2125394344329834,3.249034881591797
1785406721.392082,1,2.462247610092163,0.03428816795349121,3.2513482570648193
1785406721.3926115,3,0.102559395134449,2.2487969398498535,3.243978261947632
1785406721.3945293,5,-1.3543713092803955,-2.183635711669922,3.248893976211548
1785406721.3955693,6,1.1811209917068481,-2.1876296997070312,3.258331537246704
1785406721.4878733,4,-2.612867832183838,0.04523277282714844,3.265516996383667
1785406721.4917443,2,1.1923890113830566,2.187793254852295,3.2639927864074707
1785406721.492006,1,2.4294705390930176,0.03597235679626465,3.26529598236084
1785406721.4924583,3,0.16366910934448242,2.220703601837158,3.257436752319336
1785406721.4945831,5,-1.3408247232437134,-2.158292770385742,3.264484405517578
1785406721.495616,6,1.1640959978103638,-2.1583194732666016,3.272629976272583
1785406721.5879097,4,-2.581749200820923,0.044671058654785156,3.267493724822998
1785406721.5917406,2,1.1773333549499512,2.1633031368255615,3.2662782669067383
1785406721.591993,1,2.400862455368042,0.0361783504486084,3.266681432723999
1785406721.592413,3,0.22316478192806244,2.192477226257324,3.258733034133911
1785406721.59452,5,-1.3247756958007812,-2.1346588134765625,3.2675647735595703
1785406721.5955374,6,1.1515895128250122,-2.134227752685547,3.2778732776641846
1785406721.6878858,4,-2.5490496158599854,0.04274463653564453,3.258650302886963
1785406721.691744,2,1.1670178174972534,2.14281964302063,3.2583916187286377
1785406721.6920018,1,2.3798105716705322,0.03527212142944336,3.2583301067352295
1785406721.6924505,3,0.27212080359458923,2.168391227722168,3.2501988410949707
1785406721.6945531,5,-1.3092734813690186,-2.1159515380859375,3.260312795639038
1785406721.6957884,6,1.1424357891082764,-2.1119117736816406,3.2714602947235107
1785406721.7878518,4,-2.520857572555542,0.04047203063964844,3.2470412254333496
1785406721.79179,2,1.1583774089813232,2.122861623764038,3.245938539505005
1785406721.7921424,1,2.3597700595855713,0.03401994705200195,3.2489285469055176
1785406721.7926257,3,0.31816965341567993,2.1440792083740234,3.24064040184021
1785406721.7945182,5,-1.2929620742797852,-2.0984268188476562,3.2483975887298584
1785406721.7955909,6,1.1373937129974365,-2.0944671630859375,3.2573323249816895
1785406721.8878546,4,-2.499603748321533,0.04146575927734375,3.262174367904663
1785406721.8917356,2,1.1444218158721924,2.1074295043945312,3.260668992996216
1785406721.8919957,1,2.335355758666992,0.0357513427734375,3.263317108154297
1785406721.8925335,3,0.3522668182849884,2.121487617492676,3.255567789077759
1785406721.894642,5,-1.285359263420105,-2.082479476928711,3.264688491821289
1785406721.8957067,6,1.1237483024597168,-2.075002670288086,3.2708938121795654
1785406721.9878807,4,-2.4800565242767334,0.040863990783691406,3.263739585876465
1785406721.9918485,2,1.1338917016983032,2.0925416946411133,3.2628402709960938
1785406721.9921274,1,2.3155899047851562,0.03615093231201172,3.2652394771575928
1785406721.9926362,3,0.38405641913414,2.0997443199157715,3.2580528259277344
1785406721.9945288,5,-1.2755517959594727,-2.0682373046875,3.267808437347412
1785406721.995607,6,1.1141777038574219,-2.059877395629883,3.2759528160095215
1785406722.0878599,4,-2.4593775272369385,0.03893756866455078,3.254692316055298
1785406722.0917435,2,1.127672553062439,2.0804154872894287,3.255086660385132
1785406722.092026,1,2.302572011947632,0.035376548767089844,3.257298707962036
1785406722.0924394,3,0.4089026153087616,2.082083225250244,3.2504453659057617
1785406722.0945375,5,-1.2655692100524902,-2.057544708251953,3.2603015899658203
1785406722.0955887,6,1.1082267761230469,-2.0467681884765625,3.269634962081909
1785406722.187884,4,-2.4418458938598633,0.03660011291503906,3.24304461479187
1785406722.1917386,2,1.1227775812149048,2.069655656814575,3.2442128658294678
1785406722.192082,1,2.291776657104492,0.03461933135986328,3.2480475902557373
1785406722.1925912,3,0.4297672510147095,2.065610408782959,3.2418384552001953
1785406722.1945345,5,-1.2547659873962402,-2.0479965209960938,3.2480924129486084
1785406722.1955934,6,1.1061607599258423,-2.0373783111572266,3.2561330795288086
1785406722.2878919,4,-2.4325575828552246,0.03663825988769531,3.2586889266967773
1785406722.291758,2,1.1064094305038452,2.060607671737671,3.260671377182007
1785406722.2920184,1,2.278780221939087,0.03783893585205078,3.261653423309326
1785406722.2925172,3,0.4360126852989197,2.0519518852233887,3.2612435817718506
1785406722.294588,5,-1.251645803451538,-2.038484573364258,3.263788938522339
1785406722.2956195,6,1.09721040725708,-2.0261611938476562,3.268860101699829
1785406722.387898,4,-2.421919584274292,0.035289764404296875,3.261708974838257
1785406722.3917315,2,1.095239520072937,2.0531005859375,3.2628870010375977
1785406722.3919752,1,2.2702994346618652,0.03943490982055664,3.262939929962158
1785406722.3925734,3,0.4279248118400574,2.039503574371338,3.270279884338379
1785406722.3945456,5,-1.2465059757232666,-2.030820846557617,3.266895294189453
1785406722.39581,6,1.091847538948059,-2.0181636810302734,3.2733333110809326
1785406722.487925,4,-2.4119484424591064,0.03317070007324219,3.254359245300293
1785406722.4918854,2,1.089126706123352,2.047290325164795,3.2552621364593506
1785406722.492301,1,2.2666637897491455,0.03951215744018555,3.2546613216400146
1785406722.4926555,3,0.40070316195487976,2.0298123359680176,3.2655208110809326
1785406722.4945447,5,-1.2405716180801392,-2.0258216857910156,3.259369134902954
1785406722.4955602,6,1.0898957252502441,-2.012157440185547,3.2666327953338623
1785406722.587868,4,-2.401993989944458,0.03061676025390625,3.242249011993408
1785406722.591755,2,1.0867823362350464,2.042426824569702,3.2412734031677246
1785406722.5920587,1,2.2647781372070312,0.03950357437133789,3.2453343868255615
1785406722.5925407,3,0.35201406478881836,2.020491600036621,3.2563581466674805
1785406722.5945418,5,-1.2338614463806152,-2.021940231323242,3.246961832046509
1785406722.5957239,6,1.0910234451293945,-2.0087203979492188,3.252577304840088
1785406722.6878538,4,-2.4002087116241455,0.03168678283691406,3.2577414512634277
1785406722.6917691,2,1.0794957876205444,2.0388786792755127,3.2591378688812256
1785406722.6920843,1,2.2584922313690186,0.043427467346191406,3.259368419647217
1785406722.6924965,3,0.30147287249565125,2.0106725692749023,3.269383668899536
1785406722.6945276,5,-1.2329232692718506,-2.016782760620117,3.262563467025757
1785406722.6955714,6,1.0871320962905884,-2.0049362182617188,3.2648303508758545
1785406722.7879012,4,-2.397216558456421,0.031426429748535156,3.2595303058624268
1785406722.7917902,2,1.077025055885315,2.036332368850708,3.262493848800659
1785406722.792015,1,2.2565081119537354,0.04542374610900879,3.2611544132232666
1785406722.7924287,3,0.231778085231781,2.0027151107788086,3.269559860229492
1785406722.7945795,5,-1.2301956415176392,-2.0134525299072266,3.26544451713562
1785406722.7956498,6,1.08607816696167,-2.003093719482422,3.2690184116363525
1785406722.8878586,4,-2.393728494644165,0.030348777770996094,3.2527174949645996
1785406722.891797,2,1.0778710842132568,2.034280776977539,3.2552249431610107
1785406722.8920195,1,2.258162021636963,0.045716047286987305,3.252987861633301
1785406722.8925824,3,0.15759943425655365,1.9975709915161133,3.259983777999878
1785406722.8945446,5,-1.2265089750289917,-2.0120296478271484,3.257857084274292
1785406722.8956187,6,1.0881190299987793,-2.002880096435547,3.262042760848999
1785406722.9878771,4,-2.389378547668457,0.028313636779785156,3.2394165992736816
1785406722.9917212,2,1.0805432796478271,2.033421754837036,3.2449264526367188
1785406722.992033,1,2.2615697383880615,0.045440673828125,3.2439441680908203
1785406722.9924715,3,0.06784354150295258,1.993727207183838,3.249441385269165
1785406722.9945571,5,-1.2221773862838745,-2.0117969512939453,3.2455520629882812
1785406722.9956603,6,1.0924330949783325,-2.0040626525878906,3.24839186668396
1785406723.0878453,4,-2.3918232917785645,0.02814006805419922,3.255094528198242
1785406723.0918329,2,1.0771257877349854,2.0379693508148193,3.261662006378174
1785406723.0920894,1,2.260826349258423,0.04785466194152832,3.2589080333709717
1785406723.0926037,3,-0.02620239555835724,1.9895930290222168,3.262692928314209
1785406723.094539,5,-1.2235716581344604,-2.012035369873047,3.2606046199798584
1785406723.0956259,6,1.091106653213501,-2.0071182250976562,3.2613346576690674
1785406723.1878498,4,-2.392362594604492,0.0269622802734375,3.2572154998779297
1785406723.1917825,2,1.0778132677078247,2.041804075241089,3.263843536376953
1785406723.1920183,1,2.263756513595581,0.048467397689819336,3.261476516723633
1785406723.1924849,3,-0.13006795942783356,1.986771583557129,3.2634024620056152
1785406723.1945481,5,-1.2230443954467773,-2.0136184692382812,3.2631452083587646
1785406723.1956146,6,1.0918502807617188,-2.0108604431152344,3.2660505771636963
1785406723.2878969,4,-2.391810178756714,0.02528858184814453,3.250786542892456
1785406723.2918234,2,1.0812572240829468,2.0449283123016357,3.255812406539917
1785406723.2920837,1,2.2691245079040527,0.047618865966796875,3.2539243698120117
1785406723.2925775,3,-0.22620649635791779,1.9855766296386719,3.254361867904663
1785406723.2945795,5,-1.2211564779281616,-2.016033172607422,3.2554550170898438
1785406723.2956932,6,1.0954296588897705,-2.015645980834961,3.2597577571868896
1785406723.3878942,4,-2.390993118286133,0.02306079864501953,3.238145589828491
1785406723.3918219,2,1.0860304832458496,2.0478131771087646,3.2447304725646973
1785406723.3920612,1,2.275603771209717,0.04668760299682617,3.245124578475952
1785406723.392479,3,-0.33206430077552795,1.9853935241699219,3.2440574169158936
1785406723.3945718,5,-1.218300223350525,-2.0191211700439453,3.2411673069000244
1785406723.3956401,6,1.1006999015808105,-2.0205020904541016,3.246508836746216
1785406723.4879355,4,-2.3982162475585938,0.024672508239746094,3.2540130615234375
1785406723.4918602,2,1.0839179754257202,2.052518606185913,3.260777711868286
1785406723.4922054,1,2.2764387130737305,0.04988574981689453,3.260209798812866
1785406723.492687,3,-0.4403320252895355,1.9849433898925781,3.2576377391815186
1785406723.494546,5,-1.2220988273620605,-2.0236740112304688,3.2584664821624756
1785406723.4957118,6,1.101718783378601,-2.0236873626708984,3.260193109512329
1785406723.5879114,4,-2.403064727783203,0.02513599395751953,3.257436990737915
1785406723.5918012,2,1.0856084823608398,2.0563275814056396,3.262718677520752
1785406723.5920432,1,2.2805800437927246,0.05130195617675781,3.262596607208252
1785406723.5924788,3,-0.5500527620315552,1.9855656623840332,3.2589995861053467
1785406723.594537,5,-1.2234352827072144,-2.0286102294921875,3.2614212036132812
1785406723.5956056,6,1.1042689085006714,-2.026784896850586,3.2656214237213135
1785406723.6879494,4,-2.4052836894989014,0.02476978302001953,3.25142240524292
1785406723.6918733,2,1.089775562286377,2.0591862201690674,3.2546653747558594
1785406723.6921377,1,2.2864978313446045,0.05106353759765625,3.2546865940093994
1785406723.6926196,3,-0.6441588997840881,1.9869661331176758,3.2504429817199707
1785406723.6945667,5,-1.2230424880981445,-2.033294677734375,3.254039764404297
1785406723.6957338,6,1.1091636419296265,-2.0303955078125,3.2601261138916016
1785406723.7878556,4,-2.4070029258728027,0.023865699768066406,3.2390570640563965
1785406723.7917888,2,1.095220923423767,2.0622477531433105,3.2454793453216553
1785406723.7920218,1,2.293377161026001,0.050371408462524414,3.245689630508423
1785406723.7924635,3,-0.7419686913490295,1.9889168739318848,3.240530490875244
1785406723.7945476,5,-1.2219709157943726,-2.038318634033203,3.2422194480895996
1785406723.7956479,6,1.1153080463409424,-2.033945083618164,3.2472474575042725
1785406723.887868,4,-2.41536283493042,0.026380538940429688,3.2542343139648438
1785406723.8918285,2,1.095865249633789,2.066845655441284,3.2599663734436035
1785406723.8921735,1,2.2955198287963867,0.052778005599975586,3.2609288692474365
1785406723.892617,3,-0.841819167137146,1.9894676208496094,3.2533276081085205
1785406723.8945677,5,-1.2265374660491943,-2.0433425903320312,3.2583742141723633
1785406723.895662,6,1.1184347867965698,-2.0378990173339844,3.2598977088928223
1785406723.9878845,4,-2.4221203327178955,0.027887344360351562,3.2585322856903076
1785406723.9918418,2,1.099599003791809,2.0708346366882324,3.2620911598205566
1785406723.9921844,1,2.300471544265747,0.053522586822509766,3.263587474822998
1785406723.9927385,3,-0.9370021224021912,1.991060733795166,3.2540080547332764
1785406723.9945562,5,-1.228700876235962,-2.048534393310547,3.2618772983551025
1785406723.9956548,6,1.1224400997161865,-2.041616439819336,3.2643275260925293
1785406724.0878973,4,-2.4249868392944336,0.027952194213867188,3.2525815963745117
1785406724.0918252,2,1.1050232648849487,2.0736145973205566,3.254152536392212
1785406724.0920923,1,2.306764602661133,0.05281853675842285,3.25588059425354
1785406724.0925498,3,-1.0138680934906006,1.9934115409851074,3.2454254627227783
1785406724.0945618,5,-1.228708028793335,-2.0530014038085938,3.254944324493408
1785406724.095652,6,1.1283881664276123,-2.0456085205078125,3.2578835487365723
1785406724.187953,4,-2.4270386695861816,0.02711009979248047,3.2401862144470215
1785406724.1918142,2,1.111368179321289,2.07584810256958,3.245126724243164
1785406724.1920793,1,2.31387996673584,0.05144500732421875,3.2470874786376953
1785406724.1925488,3,-1.090450644493103,1.996793270111084,3.235842227935791
1785406724.194657,5,-1.2273825407028198,-2.056821823120117,3.242542028427124
1785406724.1957145,6,1.1349672079086304,-2.0492801666259766,3.244645118713379
1785406724.2879565,4,-2.4363341331481934,0.028162002563476562,3.255007266998291
1785406724.291839,2,1.1130163669586182,2.077319622039795,3.2599830627441406
1785406724.2921052,1,2.3163068294525146,0.05242753028869629,3.2624220848083496
1785406724.2925918,3,-1.170956015586853,2.000838279724121,3.248798370361328
1785406724.294602,5,-1.2333130836486816,-2.0600318908691406,3.259040117263794
1785406724.2955937,6,1.1347063779830933,-2.054168701171875,3.257485866546631
1785406724.387917,4,-2.4423909187316895,0.028036117553710938,3.2576053142547607
1785406724.3918307,2,1.117409586906433,2.078543186187744,3.262537956237793
1785406724.3921623,1,2.321125030517578,0.051679372787475586,3.264882802963257
1785406724.392655,3,-1.2427564859390259,2.0057220458984375,3.2498743534088135
1785406724.394578,5,-1.2362107038497925,-2.062885284423828,3.2622928619384766
1785406724.3955796,6,1.1353181600570679,-2.058439254760742,3.2623181343078613
1785406724.487929,4,-2.4450814723968506,0.027047157287597656,3.250387668609619
1785406724.4917903,2,1.1231436729431152,2.079256534576416,3.254744291305542
1785406724.4920416,1,2.3270280361175537,0.049730777740478516,3.257206916809082
1785406724.4924598,3,-1.29661226272583,2.0105185508728027,3.241809129714966
1785406724.494574,5,-1.2366585731506348,-2.0655956268310547,3.255221366882324
1785406724.4955957,6,1.13797128200531,-2.062662124633789,3.2563891410827637
1785406724.5879188,4,-2.4465792179107666,0.025476455688476562,3.238675832748413
1785406724.591887,2,1.1292814016342163,2.0800182819366455,3.2456750869750977
1785406724.5922325,1,2.3336055278778076,0.0473177433013916,3.248192310333252
1785406724.593102,3,-1.3467580080032349,2.016538143157959,3.2326674461364746
1785406724.5945685,5,-1.2361814975738525,-2.068622589111328,3.2435200214385986
1785406724.5955842,6,1.141945481300354,-2.0661792755126953,3.24336576461792
1785406724.6879632,4,-2.456371307373047,0.026289939880371094,3.2524590492248535
1785406724.691805,2,1.129253625869751,2.082260847091675,3.2600479125976562
1785406724.6920426,1,2.3355908393859863,0.04719662666320801,3.2639145851135254
1785406724.6925113,3,-1.4001927375793457,2.02432918548584,3.246853828430176
1785406724.6945848,5,-1.2426363229751587,-2.072359085083008,3.258957862854004
1785406724.6956086,6,1.143683910369873,-2.071256637573242,3.256544589996338
1785406724.7879114,4,-2.4637558460235596,0.026134490966796875,3.255305767059326
1785406724.7918253,2,1.1318515539169312,2.0837018489837646,3.261845827102661
1785406724.792114,1,2.3395256996154785,0.04575967788696289,3.266432046890259
1785406724.7926264,3,-1.4435837268829346,2.0320911407470703,3.249145746231079
1785406724.7945695,5,-1.246179223060608,-2.0759925842285156,3.2619359493255615
1785406724.795602,6,1.1464474201202393,-2.0755043029785156,3.261561870574951
1785406724.8879242,4,-2.4664692878723145,0.02530384063720703,3.2486612796783447
1785406724.8918118,2,1.136019229888916,2.084308624267578,3.253936529159546
1785406724.8920286,1,2.3443210124969482,0.04347515106201172,3.2586750984191895
1785406724.8926744,3,-1.4721918106079102,2.0388808250427246,3.2419164180755615
1785406724.8945994,5,-1.247002124786377,-2.0790042877197266,3.2548439502716064
1785406724.8955984,6,1.1507691144943237,-2.079404830932617,3.255561113357544
1785406724.9879596,4,-2.4677085876464844,0.02384185791015625,3.2358617782592773
1785406724.9918306,2,1.1408029794692993,2.084662437438965,3.2427737712860107
1785406724.9921129,1,2.3494412899017334,0.04064345359802246,3.2496337890625
1785406724.9926705,3,-1.4958510398864746,2.0461912155151367,3.233633041381836
1785406724.9946003,5,-1.2468976974487305,-2.0819854736328125,3.2430496215820312
1785406724.995627,6,1.1557857990264893,-2.082439422607422,3.242823362350464
1785406725.0879533,4,-2.47603440284729,0.02453899383544922,3.2504217624664307
1785406725.0918105,2,1.1393189430236816,2.0864179134368896,3.259557008743286
1785406725.092085,1,2.3504176139831543,0.03930807113647461,3.264469623565674
1785406725.092588,3,-1.5241328477859497,2.0541152954101562,3.247906446456909
1785406725.0946364,5,-1.2560522556304932,-2.0853958129882812,3.2570888996124268
1785406725.095619,6,1.1555407047271729,-2.0835132598876953,3.2557663917541504
1785406725.1881793,4,-2.4816079139709473,0.024318695068359375,3.254185199737549
1785406725.1917975,2,1.140374779701233,2.0874173641204834,3.2619502544403076
1785406725.1921296,1,2.353090286254883,0.03697490692138672,3.266794204711914
1785406725.1928477,3,-1.5423308610916138,2.061567783355713,3.249878168106079
1785406725.1945822,5,-1.2615917921066284,-2.088346481323242,3.258774995803833
1785406725.1956155,6,1.1562650203704834,-2.0841751098632812,3.2607126235961914
1785406725.287994,4,-2.482889175415039,0.023619651794433594,3.248159885406494
1785406725.2917871,2,1.1434205770492554,2.087914228439331,3.2537221908569336
1785406725.2920306,1,2.3567209243774414,0.03426074981689453,3.259145736694336
1785406725.292695,3,-1.5497159957885742,2.0675086975097656,3.242149591445923
1785406725.2946022,5,-1.2636100053787231,-2.09033203125,3.2508087158203125
1785406725.2956054,6,1.158772349357605,-2.0847434997558594,3.2544307708740234
1785406725.3880804,4,-2.4822988510131836,0.02244853973388672,3.2360708713531494
1785406725.3918204,2,1.1463191509246826,2.08821964263916,3.2446742057800293
1785406725.392245,1,2.3610472679138184,0.031147003173828125,3.2505998611450195
1785406725.392877,3,-1.5512175559997559,2.0732574462890625,3.2336368560791016
1785406725.3946154,5,-1.2641619443893433,-2.091592788696289,3.238541841506958
1785406725.3956034,6,1.1623203754425049,-2.0851516723632812,3.2412919998168945
1785406725.4879634,4,-2.4899730682373047,0.023285865783691406,3.251302480697632
1785406725.491864,2,1.143284797668457,2.0891811847686768,3.2594850063323975
1785406725.4921653,1,2.3634049892425537,0.028918027877807617,3.2662973403930664
1785406725.4926445,3,-1.5551434755325317,2.0792007446289062,3.248992919921875
1785406725.494593,5,-1.2737149000167847,-2.0910110473632812,3.253801107406616
1785406725.4956286,6,1.1597670316696167,-2.087278366088867,3.254070997238159
1785406725.5880072,4,-2.493504762649536,0.023195266723632812,3.254023790359497
1785406725.5918553,2,1.1427117586135864,2.089552402496338,3.2621309757232666
1785406725.5921571,1,2.367090940475464,0.02612614631652832,3.2690165042877197
1785406725.5925925,3,-1.5507818460464478,2.0845046043395996,3.2517035007476807
1785406725.5945892,5,-1.2793688774108887,-2.0902576446533203,3.256669282913208
1785406725.5956538,6,1.1585298776626587,-2.089069366455078,3.2590408325195312
1785406725.687949,4,-2.4935293197631836,0.02249431610107422,3.247647762298584
1785406725.6918285,2,1.144280195236206,2.0893521308898926,3.2544422149658203
1785406725.6921747,1,2.371187686920166,0.023160219192504883,3.261444091796875
1785406725.6926596,3,-1.5405375957489014,2.088479995727539,3.2444329261779785
1785406725.694593,5,-1.2811925411224365,-2.0893020629882812,3.2496449947357178
1785406725.6956103,6,1.159178376197815,-2.0906314849853516,3.253192901611328
1785406725.7880309,4,-2.4910614490509033,0.021089553833007812,3.23512601852417
1785406725.7918298,2,1.1463725566864014,2.0892465114593506,3.246155261993408
1785406725.7921062,1,2.3753013610839844,0.02016282081604004,3.252858877182007
1785406725.7926023,3,-1.5265268087387085,2.092501640319824,3.2357592582702637
1785406725.794603,5,-1.2810224294662476,-2.088104248046875,3.2382559776306152
1785406725.7956223,6,1.1613291501998901,-2.0916481018066406,3.2402801513671875
1785406725.8879585,4,-2.4937517642974854,0.02151775360107422,3.251256227493286
1785406725.8918438,2,1.143892526626587,2.091059446334839,3.261898994445801
1785406725.8921509,1,2.376211404800415,0.01929926872253418,3.2692677974700928
1785406725.8926861,3,-1.5198471546173096,2.0973596572875977,3.250270128250122
1785406725.8946579,5,-1.2884502410888672,-2.087949752807617,3.2538259029388428
1785406725.8956165,6,1.1583948135375977,-2.0928096771240234,3.2532896995544434
1785406725.9879606,4,-2.492826461791992,0.02120494842529297,3.2546610832214355
1785406725.991836,2,1.1439363956451416,2.0922858715057373,3.2648372650146484
1785406725.9921646,1,2.3782527446746826,0.01786327362060547,3.2729434967041016
1785406725.9926822,3,-1.50662362575531,2.1013617515563965,3.252565622329712
1785406725.994606,5,-1.2918143272399902,-2.0875911712646484,3.256859302520752
1785406725.995674,6,1.156988501548767,-2.093423843383789,3.2581043243408203
1785406726.088057,4,-2.489327907562256,0.020391464233398438,3.2478187084198
1785406726.0918555,2,1.1458276510238647,2.092684507369995,3.257596969604492
1785406726.092146,1,2.380802631378174,0.016199588775634766,3.265920400619507
1785406726.0927851,3,-1.4902544021606445,2.1041221618652344,3.245312452316284
1785406726.0945973,5,-1.2916232347488403,-2.0870704650878906,3.249690294265747
1785406726.0956218,6,1.1575109958648682,-2.093639373779297,3.2520358562469482
1785406726.1879811,4,-2.4843783378601074,0.01922130584716797,3.2362420558929443
1785406726.1918628,2,1.1483018398284912,2.0926690101623535,3.2494611740112305
1785406726.1921904,1,2.383312940597534,0.014071941375732422,3.257981538772583
1785406726.1926887,3,-1.470916509628296,2.1065306663513184,3.237372875213623
1785406726.194614,5,-1.2894071340560913,-2.086618423461914,3.2379870414733887
1785406726.1956255,6,1.159467339515686,-2.093515396118164,3.2391390800476074
1785406726.2880135,4,-2.4877960681915283,0.019496917724609375,3.250873565673828
1785406726.2921286,2,1.1470413208007812,2.092507839202881,3.266458511352539
1785406726.2926116,1,2.3825795650482178,0.01192784309387207,3.275963544845581
1785406726.292965,3,-1.4579108953475952,2.109872341156006,3.2533342838287354
1785406726.2945998,5,-1.2936837673187256,-2.0866432189941406,3.254209518432617
1785406726.2956471,6,1.1564686298370361,-2.0954151153564453,3.252375602722168
1785406726.3879316,4,-2.4880733489990234,0.01909160614013672,3.254733085632324
1785406726.391843,2,1.1478934288024902,2.0919289588928223,3.270632743835449
1785406726.3921165,1,2.3829245567321777,0.009506464004516602,3.280602216720581
1785406726.3927581,3,-1.4400607347488403,2.1122918128967285,3.2567780017852783
1785406726.3946195,5,-1.2941546440124512,-2.0864410400390625,3.257488965988159
1785406726.3956404,6,1.1550723314285278,-2.096710205078125,3.257767677307129
1785406726.487998,4,-2.4858570098876953,0.01836872100830078,3.2487945556640625
1785406726.4918551,2,1.1502360105514526,2.0912044048309326,3.264133930206299
1785406726.492247,1,2.384073495864868,0.007323741912841797,3.2742416858673096
1785406726.4929097,3,-1.4211797714233398,2.1136393547058105,3.2501049041748047
1785406726.4946196,5,-1.2917218208312988,-2.0860252380371094,3.25046443939209
1785406726.4956353,6,1.155626893043518,-2.0973644256591797,3.2521753311157227
1785406726.5879078,4,-2.4814655780792236,0.017183303833007812,3.237088203430176
1785406726.5919,2,1.1533093452453613,2.090022563934326,3.2542622089385986
1785406726.5923047,1,2.385500907897949,0.005102634429931641,3.2667505741119385
1785406726.5929034,3,-1.400443196296692,2.114412307739258,3.2420871257781982
1785406726.5946147,5,-1.287157416343689,-2.085390090942383,3.236801862716675
1785406726.595683,6,1.1577433347702026,-2.0974369049072266,3.2394204139709473
1785406726.687943,4,-2.4835000038146973,0.017406463623046875,3.253178834915161
1785406726.6918724,2,1.1527950763702393,2.0865306854248047,3.2728919982910156
1785406726.6921918,1,2.385098695755005,0.003642559051513672,3.2844927310943604
1785406726.692637,3,-1.3869192600250244,2.1144752502441406,3.257922410964966
1785406726.6946177,5,-1.292412281036377,-2.085651397705078,3.2548978328704834
1785406726.6956265,6,1.1533013582229614,-2.0977001190185547,3.2526400089263916
1785406726.7879086,4,-2.4823989868164062,0.017080307006835938,3.258450746536255
1785406726.7918272,2,1.1540712118148804,2.0836689472198486,3.2766497135162354
1785406726.7921376,1,2.38570499420166,0.0021102428436279297,3.288402557373047
1785406726.7925763,3,-1.3700032234191895,2.1137213706970215,3.2608907222747803
1785406726.7946012,5,-1.2934844493865967,-2.0855064392089844,3.258366823196411
1785406726.795625,6,1.150648593902588,-2.0976505279541016,3.2576181888580322
1785406726.8879552,4,-2.4793503284454346,0.016530990600585938,3.253188133239746
1785406726.8918476,2,1.156882643699646,2.080885410308838,3.269430637359619
1785406726.8921402,1,2.386925458908081,0.0007066726684570312,3.2814207077026367
1785406726.8926394,3,-1.3531550168991089,2.1125240325927734,3.253737449645996
1785406726.8946135,5,-1.29157555103302,-2.0851173400878906,3.2517335414886475
1785406726.895634,6,1.1502134799957275,-2.0972633361816406,3.251868486404419
1785406726.9879444,4,-2.474130392074585,0.01562976837158203,3.2417190074920654
1785406726.991901,2,1.1600441932678223,2.078597068786621,3.259467363357544
1785406726.9923358,1,2.388166666030884,-0.0009851455688476562,3.2728934288024902
1785406726.9929187,3,-1.3351764678955078,2.110732078552246,3.2460317611694336
1785406726.9946194,5,-1.2880218029022217,-2.084583282470703,3.240734338760376
1785406726.995683,6,1.1516278982162476,-2.096424102783203,3.238967180252075
1785406727.087951,4,-2.4764773845672607,0.015553474426269531,3.2584474086761475
1785406727.091874,2,1.1596791744232178,2.076836585998535,3.2781600952148438
1785406727.0921733,1,2.3868930339813232,-0.0027964115142822266,3.2889018058776855
1785406727.092632,3,-1.3229860067367554,2.1083903312683105,3.263092517852783
1785406727.094619,5,-1.291805386543274,-2.0846824645996094,3.257827043533325
1785406727.0956433,6,1.1467348337173462,-2.0961761474609375,3.252594232559204
1785406727.188065,4,-2.4758541584014893,0.014880180358886719,3.2623324394226074
1785406727.1918333,2,1.1610833406448364,2.075305938720703,3.2813549041748047
1785406727.192319,1,2.3867104053497314,-0.004534721374511719,3.291614294052124
1785406727.1929047,3,-1.3084137439727783,2.1055784225463867,3.2671587467193604
1785406727.1946266,5,-1.2919485569000244,-2.084444046020508,3.262233257293701
1785406727.1956294,6,1.1438210010528564,-2.0957183837890625,3.25791597366333
1785406727.287943,4,-2.473458766937256,0.014040946960449219,3.2566497325897217
1785406727.2918587,2,1.16349196434021,2.074040651321411,3.2742087841033936
1785406727.2921817,1,2.3874573707580566,-0.005936622619628906,3.283630847930908
1785406727.2926846,3,-1.2943273782730103,2.102841854095459,3.260488271713257
1785406727.2946656,5,-1.2893418073654175,-2.0839004516601562,3.2560477256774902
1785406727.295687,6,1.143229365348816,-2.0949325561523438,3.252164363861084
1785406727.3879216,4,-2.469050884246826,0.012628555297851562,3.245180606842041
1785406727.3918571,2,1.1663963794708252,2.072883129119873,3.263899564743042
1785406727.3921428,1,2.388159990310669,-0.006955623626708984,3.274711847305298
1785406727.392674,3,-1.2793537378311157,2.100074291229248,3.25276255607605
1785406727.3946097,5,-1.2851797342300415,-2.0831451416015625,3.245001792907715
1785406727.3956542,6,1.1445441246032715,-2.093870162963867,3.239546298980713
1785406727.488032,4,-2.470335006713867,0.010882377624511719,3.262364387512207
1785406727.491851,2,1.1662410497665405,2.072282552719116,3.282547950744629
1785406727.4921472,1,2.3854682445526123,-0.006918430328369141,3.291348457336426
1785406727.4926825,3,-1.267604947090149,2.098599910736084,3.2694904804229736
1785406727.4946375,5,-1.2897138595581055,-2.0832080841064453,3.2617626190185547
1785406727.4956431,6,1.1394383907318115,-2.0928802490234375,3.2529239654541016
1785406727.5879896,4,-2.468884229660034,0.008615493774414062,3.2683894634246826
1785406727.591912,2,1.1677032709121704,2.0717825889587402,3.285696268081665
1785406727.5924625,1,2.384035348892212,-0.0067403316497802734,3.2944157123565674
1785406727.5930247,3,-1.2545959949493408,2.096886157989502,3.2732644081115723
1785406727.594645,5,-1.29069185256958,-2.0831241607666016,3.2655937671661377
1785406727.5956488,6,1.1363903284072876,-2.091737747192383,3.25840425491333
1785406727.688033,4,-2.465625047683716,0.006656646728515625,3.262371063232422
1785406727.6918514,2,1.1701090335845947,2.07147216796875,3.2781171798706055
1785406727.6921458,1,2.383779525756836,-0.006625175476074219,3.286313772201538
1785406727.6926086,3,-1.242690920829773,2.095315456390381,3.2663118839263916
1785406727.6946228,5,-1.2889235019683838,-2.082864761352539,3.2588329315185547
1785406727.6956575,6,1.1359065771102905,-2.0903244018554688,3.2530746459960938
1785406727.7880824,4,-2.4609949588775635,0.0046787261962890625,3.2516963481903076
1785406727.791829,2,1.1728535890579224,2.071340322494507,3.267531633377075
1785406727.7921844,1,2.3837249279022217,-0.00681614875793457,3.2772750854492188
1785406727.79304,3,-1.2306184768676758,2.0931897163391113,3.258147954940796
1785406727.7946274,5,-1.285398006439209,-2.0825939178466797,3.247790813446045
1785406727.7956603,6,1.13753342628479,-2.0887928009033203,3.240726947784424
1785406727.8880043,4,-2.4601147174835205,0.004292488098144531,3.268299102783203
1785406727.8918784,2,1.1719450950622559,2.0711922645568848,3.2870471477508545
1785406727.8921664,1,2.381375312805176,-0.008537769317626953,3.294543981552124
1785406727.892709,3,-1.2224695682525635,2.0889925956726074,3.275115489959717
1785406727.8946688,5,-1.2878649234771729,-2.0839805603027344,3.2656798362731934
1785406727.895652,6,1.1337906122207642,-2.0863475799560547,3.2550599575042725
1785406727.9879704,4,-2.456770420074463,0.0036487579345703125,3.2739439010620117
1785406727.9918528,2,1.172641396522522,2.0711781978607178,3.290752410888672
1785406727.992082,1,2.3804099559783936,-0.009903907775878906,3.2981932163238525
1785406727.9925594,3,-1.2136571407318115,2.0850086212158203,3.278846263885498
1785406727.9946194,5,-1.2870570421218872,-2.0850048065185547,3.270319938659668
1785406727.995653,6,1.1321419477462769,-2.0840110778808594,3.2609386444091797
1785406728.0879834,4,-2.4528656005859375,0.0030775070190429688,3.268399477005005
1785406728.091865,2,1.1743093729019165,2.07120943069458,3.283289670944214
1785406728.0920966,1,2.380748987197876,-0.010714530944824219,3.2908034324645996
1785406728.0927415,3,-1.2057429552078247,2.0818405151367188,3.2719130516052246
1785406728.094653,5,-1.283920168876648,-2.0855770111083984,3.263991594314575
1785406728.0956645,6,1.1329041719436646,-2.0817489624023438,3.2558321952819824
1785406728.1879609,4,-2.4471166133880615,0.002155303955078125,3.2562754154205322
1785406728.1918666,2,1.1760152578353882,2.071645975112915,3.2744674682617188
1785406728.1921008,1,2.381119966506958,-0.011337518692016602,3.2819018363952637
1785406728.1925883,3,-1.198591947555542,2.078709602355957,3.264038324356079
1785406728.194635,5,-1.279140591621399,-2.086057662963867,3.2531981468200684
1785406728.1956463,6,1.1354318857192993,-2.079957962036133,3.2435457706451416
1785406728.288016,4,-2.4455366134643555,-0.00016021728515625,3.274075746536255
1785406728.2918777,2,1.1741193532943726,2.073184013366699,3.2910475730895996
1785406728.292115,1,2.3775110244750977,-0.01203155517578125,3.298707962036133
1785406728.2928615,3,-1.1969773769378662,2.075115203857422,3.281834125518799
1785406728.2947023,5,-1.2790377140045166,-2.0884265899658203,3.2715036869049072
1785406728.295654,6,1.1326969861984253,-2.0798377990722656,3.259131669998169
1785406728.3879762,4,-2.442225694656372,-0.0023679733276367188,3.278611183166504
1785406728.391863,2,1.1737887859344482,2.0745909214019775,3.294471263885498
1785406728.3921146,1,2.3756508827209473,-0.012315034866333008,3.301650047302246
1785406728.3926444,3,-1.1944242715835571,2.072114944458008,3.2860727310180664
1785406728.3946338,5,-1.2762418985366821,-2.090188980102539,3.2767345905303955
1785406728.3956919,6,1.1317020654678345,-2.079832077026367,3.26631236076355
1785406728.4879792,4,-2.438448190689087,-0.0040073394775390625,3.2731125354766846
1785406728.4918833,2,1.1748428344726562,2.0760257244110107,3.2866501808166504
1785406728.4921892,1,2.3753581047058105,-0.012224912643432617,3.293456792831421
1785406728.4927654,3,-1.1915210485458374,2.0700745582580566,3.279529571533203
1785406728.494647,5,-1.27186119556427,-2.0912132263183594,3.2706658840179443
1785406728.495662,6,1.1330212354660034,-2.0796260833740234,3.262190580368042
1785406728.5879605,4,-2.4333302974700928,-0.005816459655761719,3.261216878890991
1785406728.5918934,2,1.176461100578308,2.0772147178649902,3.277700424194336
1785406728.5922108,1,2.376028537750244,-0.012108564376831055,3.2838985919952393
1785406728.5927615,3,-1.1890873908996582,2.0678396224975586,3.271785020828247
1785406728.59464,5,-1.2662678956985474,-2.0917129516601562,3.259411096572876
1785406728.5956802,6,1.1359853744506836,-2.0794620513916016,3.2504444122314453
1785406728.6879961,4,-2.434422254562378,-0.007216453552246094,3.2787516117095947
1785406728.691872,2,1.1759854555130005,2.0777435302734375,3.2945291996002197
1785406728.6921065,1,2.3765017986297607,-0.012650489807128906,3.2998974323272705
1785406728.692608,3,-1.1910338401794434,2.0634212493896484,3.28939151763916
1785406728.69464,5,-1.2666351795196533,-2.092111587524414,3.2765870094299316
1785406728.695676,6,1.1345216035842896,-2.081869125366211,3.265718936920166
1785406728.7879815,4,-2.4336423873901367,-0.008580207824707031,3.2848141193389893
1785406728.7919016,2,1.176996111869812,2.078319787979126,3.2975871562957764
1785406728.7921267,1,2.3781557083129883,-0.012701034545898438,3.3020496368408203
1785406728.792665,3,-1.1918426752090454,2.059947967529297,3.293219804763794
1785406728.7946389,5,-1.2645385265350342,-2.0921497344970703,3.2806339263916016
1785406728.7956812,6,1.1345471143722534,-2.083953857421875,3.2724382877349854
1785406728.8879864,4,-2.431711196899414,-0.009319305419921875,3.2796363830566406
1785406728.8918884,2,1.1789864301681519,2.078875780105591,3.289490222930908
1785406728.892123,1,2.3804216384887695,-0.012373924255371094,3.2937183380126953
1785406728.8925931,3,-1.191746473312378,2.057746410369873,3.2859079837799072
1785406728.894656,5,-1.260888934135437,-2.0918636322021484,3.2738378047943115
1785406728.8956912,6,1.1366279125213623,-2.085573196411133,3.267821788787842
1785406728.9879777,4,-2.428523063659668,-0.010041236877441406,3.2679812908172607
1785406728.9918756,2,1.1810189485549927,2.079261302947998,3.280120849609375
1785406728.9921117,1,2.382512331008911,-0.011674880981445312,3.28426456451416
1785406728.9926257,3,-1.1914891004562378,2.0561585426330566,3.2771670818328857
1785406728.9946344,5,-1.2561349868774414,-2.0912246704101562,3.2622900009155273
1785406728.9956353,6,1.1400705575942993,-2.0865535736083984,3.2559375762939453
1785406729.088008,4,-2.429765462875366,-0.011704444885253906,3.28671932220459
1785406729.0919008,2,1.1793173551559448,2.078899621963501,3.2964046001434326
1785406729.092132,1,2.381288766860962,-0.011078119277954102,3.3006961345672607
1785406729.092771,3,-1.193400502204895,2.054558277130127,3.292956829071045
1785406729.0946393,5,-1.2567288875579834,-2.090238571166992,3.2795398235321045
1785406729.09567,6,1.1396620273590088,-2.0871238708496094,3.2716243267059326
1785406729.187994,4,-2.429326295852661,-0.012930870056152344,3.291541337966919
1785406729.1918833,2,1.1791006326675415,2.0788094997406006,3.2992613315582275
1785406729.192118,1,2.3814237117767334,-0.010250568389892578,3.303539752960205
1785406729.192612,3,-1.1941146850585938,2.0537848472595215,3.2952561378479004
1785406729.1946654,5,-1.254954218864441,-2.0889625549316406,3.283550500869751
1785406729.1957073,6,1.140508770942688,-2.0872535705566406,3.2782139778137207
1785406729.288011,4,-2.427849531173706,-0.013574600219726562,3.2858386039733887
1785406729.2919197,2,1.1800906658172607,2.07893967628479,3.2911500930786133
1785406729.2921736,1,2.3825130462646484,-0.009479999542236328,3.2951934337615967
1785406729.2927575,3,-1.1938307285308838,2.0537476539611816,3.286837100982666
1785406729.294674,5,-1.251584768295288,-2.0876026153564453,3.2770071029663086
1785406729.2957046,6,1.1431313753128052,-2.087057113647461,3.273400068283081
1785406729.3880675,4,-2.4251186847686768,-0.013891220092773438,3.2732579708099365
1785406729.3918965,2,1.181409239768982,2.0792558193206787,3.279850482940674
1785406729.3922222,1,2.383051872253418,-0.00893402099609375,3.2850584983825684
1785406729.3931296,3,-1.193459391593933,2.054183006286621,3.2773330211639404
1785406729.3946595,5,-1.247234582901001,-2.0861740112304688,3.265744924545288
1785406729.3956976,6,1.1467972993850708,-2.086698532104492,3.261171340942383
1785406729.488033,4,-2.4257760047912598,-0.014331817626953125,3.289182424545288
1785406729.491876,2,1.1790525913238525,2.080425500869751,3.299013376235962
1785406729.4921103,1,2.37843656539917,-0.009547710418701172,3.300611734390259
1785406729.4930115,3,-1.19584059715271,2.0538907051086426,3.2934999465942383
1785406729.4946737,5,-1.2483478784561157,-2.0863113403320312,3.2845699787139893
1785406729.4956837,6,1.1465167999267578,-2.086566925048828,3.2764997482299805
1785406729.5879962,4,-2.424706220626831,-0.014418601989746094,3.293381690979004
1785406729.5918982,2,1.1785376071929932,2.0813212394714355,3.3026044368743896
1785406729.5921257,1,2.37553334236145,-0.009795904159545898,3.3028018474578857
1785406729.5927172,3,-1.1970093250274658,2.0542078018188477,3.296133041381836
1785406729.594725,5,-1.2473138570785522,-2.0860443115234375,3.2896816730499268
1785406729.5956733,6,1.147350788116455,-2.0863418579101562,3.28292179107666
1785406729.687985,4,-2.4227499961853027,-0.014242172241210938,3.2867040634155273
1785406729.6919212,2,1.1792714595794678,2.082017660140991,3.2945921421051025
1785406729.6922975,1,2.374270439147949,-0.00972437858581543,3.2942655086517334
1785406729.6929514,3,-1.1971129179000854,2.054920196533203,3.2879526615142822
1785406729.6947157,5,-1.2448177337646484,-2.0855178833007812,3.283346176147461
1785406729.695757,6,1.1500002145767212,-2.085834503173828,3.277865171432495
1785406729.7879908,4,-2.4195504188537598,-0.013638496398925781,3.2733242511749268
1785406729.791903,2,1.1802804470062256,2.082444429397583,3.282924175262451
1785406729.7921515,1,2.3731632232666016,-0.009536266326904297,3.2846720218658447
1785406729.7926366,3,-1.1973464488983154,2.0560784339904785,3.2782504558563232
1785406729.7946827,5,-1.2411479949951172,-2.084775924682617,3.272050380706787
1785406729.7957046,6,1.1537214517593384,-2.0851993560791016,3.2652440071105957
1785406729.8879886,4,-2.4201033115386963,-0.012864112854003906,3.289764404296875
1785406729.8918846,2,1.1769870519638062,2.0821590423583984,3.300203323364258
1785406729.8921962,1,2.368116855621338,-0.01021885871887207,3.3008298873901367
1785406729.8930013,3,-1.2011690139770508,2.056499481201172,3.2940151691436768
1785406729.8946483,5,-1.2407664060592651,-2.0855941772460938,3.289830207824707
1785406729.8956835,6,1.1531085968017578,-2.084585189819336,3.2814993858337402
1785406729.987996,4,-2.4191248416900635,-0.011799812316894531,3.294358730316162
1785406729.9918883,2,1.175693154335022,2.0819802284240723,3.302527666091919
1785406729.9921172,1,2.3651156425476074,-0.010316848754882812,3.3032758235931396
1785406729.9927366,3,-1.2036582231521606,2.057541847229004,3.2964189052581787
1785406729.9946766,5,-1.238410234451294,-2.085956573486328,3.293833017349243
1785406729.9956968,6,1.1535598039627075,-2.0838985443115234,3.288621425628662
1785406730.0879622,4,-2.4173789024353027,-0.010959625244140625,3.2879555225372314
1785406730.0918877,2,1.1756172180175781,2.0818519592285156,3.293731689453125
1785406730.0921125,1,2.364004611968994,-0.01011347770690918,3.294628381729126
1785406730.0926096,3,-1.20468270778656,2.0588912963867188,3.288081645965576
1785406730.0946624,5,-1.2349307537078857,-2.0859527587890625,3.286576271057129
1785406730.0956979,6,1.155753254890442,-2.0831470489501953,3.283710241317749
1785406730.1880717,4,-2.414700984954834,-0.009747505187988281,3.274446487426758
1785406730.1919074,2,1.176242470741272,2.0817487239837646,3.2823073863983154
1785406730.1921654,1,2.363251209259033,-0.010101795196533203,3.284435272216797
1785406730.192696,3,-1.2058779001235962,2.0600361824035645,3.278693437576294
1785406730.1946826,5,-1.2305235862731934,-2.0854034423828125,3.2744646072387695
1785406730.1957211,6,1.1590135097503662,-2.0823745727539062,3.270987033843994
1785406730.2881036,4,-2.4166066646575928,-0.008937835693359375,3.2913224697113037
1785406730.2919786,2,1.1730743646621704,2.0804154872894287,3.3016536235809326
1785406730.2923353,1,2.359156847000122,-0.012464761734008789,3.30025053024292
1785406730.293111,3,-1.2114641666412354,2.0589890480041504,3.294212579727173
1785406730.294712,5,-1.230095624923706,-2.0835628509521484,3.292954921722412
1785406730.295717,6,1.1578187942504883,-2.08013916015625,3.286543846130371
1785406730.3880138,4,-2.4170331954956055,-0.007954597473144531,3.2947888374328613
1785406730.3918905,2,1.1719890832901,2.0796115398406982,3.305030107498169
1785406730.3921287,1,2.3570213317871094,-0.014074087142944336,3.30256724357605
1785406730.3936906,3,-1.2153278589248657,2.0585193634033203,3.2959766387939453
1785406730.3946614,5,-1.2279694080352783,-2.0817108154296875,3.2974462509155273
1785406730.3956993,6,1.1577831506729126,-2.0781021118164062,3.293074369430542
